1,Brandyn,Luckham,bluckham0@who.int,Non-binary,Indonesia
2,Julia,Relph,jrelph1@google.com,Female,Indonesia
3,Garwin,Bampton,gbampton2@cbslocal.com,Male,Indonesia
4,Nessy,Hubble,nhubble3@ocn.ne.jp,Female,Indonesia
5,Aggie,Ormshaw,aormshaw4@smh.com.au,Female,Indonesia
6,Devinne,Cherry,dcherry5@usnews.com,Female,Indonesia
7,Emmerich,Neames,eneames6@t.co,Male,Indonesia
8,Alberto,Leon,aleon7@newsvine.com,Male,Indonesia
9,Una,Goor,ugoor8@msu.edu,Female,Indonesia
10,Kalli,Corneck,kcorneck9@amazon.de,Female,Indonesia
11,York,Ernke,yernkea@example.com,Male,Indonesia
12,Elaina,Garmon,egarmonb@vinaora.com,Polygender,Indonesia
13,Mose,Cayford,mcayfordc@i2i.jp,Male,Indonesia
14,Brandais,Anton,bantond@nbcnews.com,Polygender,Indonesia
15,Cornie,Wilse,cwilsee@nba.com,Polygender,Indonesia
16,Osgood,Bontoft,obontoftf@senate.gov,Male,Indonesia
17,Hunt,Gunton,hguntong@google.ca,Male,Indonesia
18,Zebadiah,Morbey,zmorbeyh@accuweather.com,Male,Indonesia
19,Claudia,Kellard,ckellardi@facebook.com,Female,Indonesia
20,Christabel,Scurrah,cscurrahj@ask.com,Female,Indonesia
21,Doralyn,Rubinfeld,drubinfeldk@newyorker.com,Female,Indonesia
22,Tina,Ondracek,tondracekl@nytimes.com,Female,Indonesia
23,Lewes,Fillimore,lfillimorem@cbc.ca,Male,Indonesia
24,Milli,Tarbet,mtarbetn@ed.gov,Female,Indonesia
25,Bird,Dews,bdewso@eepurl.com,Female,Indonesia
26,Zackariah,Bithany,zbithanyp@mit.edu,Male,Indonesia
27,Karyl,Lavielle,klavielleq@vinaora.com,Female,Indonesia
28,Cobb,Hencke,chencker@mit.edu,Male,Indonesia
29,Dukie,Florentine,dflorentines@miitbeian.gov.cn,Male,Indonesia
30,Joelie,Gurton,jgurtont@blogspot.com,Female,Indonesia
31,Suzann,Sallier,ssallieru@reuters.com,Female,Indonesia
32,Amery,Danilishin,adanilishinv@va.gov,Male,Indonesia
33,Matt,Woltering,mwolteringw@ifeng.com,Male,Indonesia
34,Sayer,Bracegirdle,sbracegirdlex@opera.com,Male,Indonesia
35,Hunt,Copper,hcoppery@wordpress.org,Male,Indonesia
36,Tommy,Koschke,tkoschkez@hhs.gov,Male,Indonesia
37,Donnell,Knottley,dknottley10@cargocollective.com,Male,Indonesia
38,Rolando,Jantot,rjantot11@bigcartel.com,Male,Indonesia
39,Gilles,Shapland,gshapland12@1688.com,Male,Indonesia
40,Frederick,Heed,fheed13@google.es,Male,Indonesia
41,Melony,Olkowicz,molkowicz14@bloglovin.com,Female,Indonesia
42,Kellby,Filippo,kfilippo15@bing.com,Male,Indonesia
43,Donielle,Vanlint,dvanlint16@guardian.co.uk,Female,Indonesia
44,Gordan,Sword,gsword17@bing.com,Male,Indonesia
45,Iosep,Bruford,ibruford18@dailymail.co.uk,Male,Indonesia
46,Igor,Jeffress,ijeffress19@php.net,Male,Indonesia
47,Mandel,Al Hirsi,malhirsi1a@trellian.com,Male,Indonesia
48,Monika,Dils,mdils1b@businessinsider.com,Female,Indonesia
49,Erena,Blaisdell,eblaisdell1c@tripadvisor.com,Female,Indonesia
50,Cortie,Dougal,cdougal1d@europa.eu,Male,Indonesia
51,Mano,Fealey,mfealey1e@ezinearticles.com,Male,Indonesia
52,Mariquilla,Shorthouse,mshorthouse1f@prweb.com,Female,Indonesia
53,Norene,Gaydon,ngaydon1g@princeton.edu,Female,Indonesia
54,Marcus,Colbertson,mcolbertson1h@upenn.edu,Male,Indonesia
55,Artemus,O'Kennavain,aokennavain1i@phpbb.com,Male,Indonesia
56,Aeriela,Danilchenko,adanilchenko1j@printfriendly.com,Female,Indonesia
57,Dalia,Hardie,dhardie1k@dailymotion.com,Female,Indonesia
58,Rhianon,Whitnell,rwhitnell1l@gravatar.com,Female,Indonesia
59,Morgan,Milkeham,mmilkeham1m@livejournal.com,Female,Indonesia
60,Zolly,Strotton,zstrotton1n@infoseek.co.jp,Male,Indonesia
61,Joyan,Cargenven,jcargenven1o@nhs.uk,Female,Indonesia
62,Yul,Ishak,yishak1p@hubpages.com,Agender,Indonesia
63,Annabal,Yearnes,ayearnes1q@gnu.org,Female,Indonesia
64,Blancha,Fearnall,bfearnall1r@tinypic.com,Female,Indonesia
65,Doug,Seage,dseage1s@istockphoto.com,Male,Indonesia
66,Rudd,Potes,rpotes1t@addtoany.com,Male,Indonesia
67,Janina,Glowinski,jglowinski1u@multiply.com,Female,Indonesia
68,Lamar,Palin,lpalin1v@alibaba.com,Male,Indonesia
69,Noland,Jenner,njenner1w@nytimes.com,Male,Indonesia
70,Ozzy,Pouck,opouck1x@last.fm,Male,Indonesia
71,Renault,Whitham,rwhitham1y@ihg.com,Male,Indonesia
72,Joana,Brandacci,jbrandacci1z@yellowbook.com,Female,Indonesia
73,Dal,Crosen,dcrosen20@paypal.com,Male,Indonesia
74,Arri,Liffe,aliffe21@qq.com,Male,Indonesia
75,Elise,Sabbin,esabbin22@taobao.com,Female,Indonesia
76,Ardine,Hatherleigh,ahatherleigh23@statcounter.com,Female,Indonesia
77,Ashlin,Milley,amilley24@constantcontact.com,Male,Indonesia
78,Hillyer,North,hnorth25@telegraph.co.uk,Non-binary,Indonesia
79,Bobbee,Dayly,bdayly26@theglobeandmail.com,Female,Indonesia
80,Dal,Matsell,dmatsell27@hubpages.com,Male,Indonesia
81,Cloris,Gimbrett,cgimbrett28@bbc.co.uk,Female,Indonesia
82,Jasmin,Harcus,jharcus29@vimeo.com,Female,Indonesia
83,Randolf,Martusewicz,rmartusewicz2a@freewebs.com,Non-binary,Indonesia
84,Ewell,Goodfellowe,egoodfellowe2b@tamu.edu,Male,Indonesia
85,Archaimbaud,Walklate,awalklate2c@yellowbook.com,Male,Indonesia
86,Jasmina,Janew,jjanew2d@etsy.com,Female,Indonesia
87,Isac,Ellerker,iellerker2e@miitbeian.gov.cn,Male,Indonesia
88,Abbi,Senogles,asenogles2f@reference.com,Female,Indonesia
89,Esmeralda,Dungate,edungate2g@edublogs.org,Female,Indonesia
90,Kylie,Lune,klune2h@theatlantic.com,Male,Indonesia
91,Chris,Pescott,cpescott2i@springer.com,Male,Indonesia
92,Hernando,Puckett,hpuckett2j@hhs.gov,Male,Indonesia
93,Harald,Baudone,hbaudone2k@elpais.com,Male,Indonesia
94,Malachi,Dacke,mdacke2l@jugem.jp,Male,Indonesia
95,Eolanda,Tattersfield,etattersfield2m@hubpages.com,Female,Indonesia
96,Dolf,MacTerrelly,dmacterrelly2n@mapquest.com,Male,Indonesia
97,Meryl,Murfill,mmurfill2o@woothemes.com,Male,Indonesia
98,Khalil,Oppy,koppy2p@studiopress.com,Male,Indonesia
99,Sybil,Ruppeli,sruppeli2q@ehow.com,Female,Indonesia
100,Noel,Kohtler,nkohtler2r@mapy.cz,Female,Indonesia
101,Der,Codman,dcodman2s@sbwire.com,Male,Indonesia
102,Errol,Stittle,estittle2t@google.com.hk,Polygender,Indonesia
103,Jaymee,Coghlin,jcoghlin2u@purevolume.com,Female,Indonesia
104,Delores,Fisbey,dfisbey2v@over-blog.com,Female,Indonesia
105,Ann,Wainscot,awainscot2w@shinystat.com,Female,Indonesia
106,Devy,Larrad,dlarrad2x@tumblr.com,Male,Indonesia
107,Ody,Sandhill,osandhill2y@nih.gov,Male,Indonesia
108,Ana,Ygou,aygou2z@lycos.com,Female,Indonesia
109,Heywood,Coutts,hcoutts30@rambler.ru,Male,Indonesia
110,Alec,Bradder,abradder31@canalblog.com,Male,Indonesia
111,Louella,Tison,ltison32@chicagotribune.com,Female,Indonesia
112,Ingmar,Anning,ianning33@flavors.me,Male,Indonesia
113,Henriette,Wye,hwye34@comcast.net,Female,Indonesia
114,Cece,Plevin,cplevin35@icq.com,Male,Indonesia
115,Berget,Cavell,bcavell36@senate.gov,Female,Indonesia
116,Paddie,Grand,pgrand37@goodreads.com,Male,Indonesia
117,Patricio,Mangon,pmangon38@bandcamp.com,Polygender,Indonesia
118,Wiatt,Trimmill,wtrimmill39@arstechnica.com,Male,Indonesia
119,Dotti,McClory,dmcclory3a@whitehouse.gov,Female,Indonesia
120,Lani,Tofful,ltofful3b@soundcloud.com,Female,Indonesia
121,David,Mila,dmila3c@paypal.com,Male,Indonesia
122,Noam,BoHlingolsen,nbohlingolsen3d@nps.gov,Male,Indonesia
123,Ephraim,Dengel,edengel3e@kickstarter.com,Male,Indonesia
124,Silas,Tomkiss,stomkiss3f@senate.gov,Male,Indonesia
125,Prudence,Wenderott,pwenderott3g@theglobeandmail.com,Bigender,Indonesia
126,Mikkel,Currum,mcurrum3h@taobao.com,Male,Indonesia
127,Talbot,Mirfin,tmirfin3i@bluehost.com,Male,Indonesia
128,Edwin,Osler,eosler3j@cloudflare.com,Male,Indonesia
129,Debbie,Berthon,dberthon3k@google.ca,Polygender,Indonesia
130,Garvy,McClosh,gmcclosh3l@gov.uk,Male,Indonesia
131,Stacy,Pears,spears3m@timesonline.co.uk,Male,Indonesia
132,Cleo,Dmitrichenko,cdmitrichenko3n@state.tx.us,Female,Indonesia
133,Algernon,Streatfield,astreatfield3o@hao123.com,Male,Indonesia
134,Gerick,Spaight,gspaight3p@house.gov,Male,Indonesia
135,Emmye,McVitty,emcvitty3q@yale.edu,Female,Indonesia
136,Robb,Maulkin,rmaulkin3r@posterous.com,Male,Indonesia
137,Lisha,Praill,lpraill3s@cdc.gov,Female,Indonesia
138,Erroll,Leas,eleas3t@ucoz.ru,Male,Indonesia
139,Kara,Bastie,kbastie3u@uiuc.edu,Female,Indonesia
140,Jose,Mitchelmore,jmitchelmore3v@instagram.com,Male,Indonesia
141,Eleanor,Pitone,epitone3w@mayoclinic.com,Female,Indonesia
142,Bondy,Coaten,bcoaten3x@kickstarter.com,Male,Indonesia
143,Julian,Giffen,jgiffen3y@themeforest.net,Male,Indonesia
144,Sheena,Enrico,senrico3z@tmall.com,Female,Indonesia
145,Trip,Rapkins,trapkins40@amazon.co.uk,Male,Indonesia
146,Geoffry,Iliff,giliff41@networkadvertising.org,Male,Indonesia
147,Giraldo,Holburn,gholburn42@sciencedaily.com,Male,Indonesia
148,Helsa,Zahor,hzahor43@uol.com.br,Female,Indonesia
149,Antone,Bister,abister44@aol.com,Male,Indonesia
150,Deanna,Dary,ddary45@adobe.com,Female,Indonesia
151,Walton,MacDermot,wmacdermot46@usnews.com,Male,Indonesia
152,Jecho,Sigart,jsigart47@cnbc.com,Male,Indonesia
153,Agata,Macek,amacek48@elpais.com,Polygender,Indonesia
154,Faina,Dussy,fdussy49@sourceforge.net,Female,Indonesia
155,Kristo,Simmens,ksimmens4a@posterous.com,Genderfluid,Indonesia
156,Moina,Poag,mpoag4b@addthis.com,Bigender,Indonesia
157,Sabrina,McCaskill,smccaskill4c@illinois.edu,Female,Indonesia
158,Debor,Behrend,dbehrend4d@oracle.com,Female,Indonesia
159,Steward,Aves,saves4e@sciencedaily.com,Male,Indonesia
160,Adrian,Oldaker,aoldaker4f@tuttocitta.it,Male,Indonesia
161,Adey,Skeffington,askeffington4g@thetimes.co.uk,Female,Indonesia
162,Dimitri,Tull,dtull4h@taobao.com,Bigender,Indonesia
163,Ted,Magill,tmagill4i@de.vu,Male,Indonesia
164,Christoper,Cettell,ccettell4j@csmonitor.com,Male,Indonesia
165,Jarrett,Renfree,jrenfree4k@netscape.com,Male,Indonesia
166,Edlin,Cholmondeley,echolmondeley4l@php.net,Male,Indonesia
167,Germayne,Ratledge,gratledge4m@bloomberg.com,Male,Indonesia
168,Yoshiko,Whitten,ywhitten4n@mlb.com,Female,Indonesia
169,Antin,Colcomb,acolcomb4o@google.ru,Male,Indonesia
170,Benni,Yakunikov,byakunikov4p@examiner.com,Female,Indonesia
171,Grantham,Hargreave,ghargreave4q@purevolume.com,Male,Indonesia
172,Dalton,Domesday,ddomesday4r@nyu.edu,Male,Indonesia
173,Derby,Goolden,dgoolden4s@geocities.jp,Male,Indonesia
174,Curcio,Lippard,clippard4t@pbs.org,Male,Indonesia
175,Derril,Gasnoll,dgasnoll4u@1und1.de,Male,Indonesia
176,Loria,Calderwood,lcalderwood4v@amazonaws.com,Female,Indonesia
177,Obidiah,Bigley,obigley4w@jimdo.com,Male,Indonesia
178,Stavro,Micah,smicah4x@mail.ru,Male,Indonesia
179,Rudolph,Rivard,rrivard4y@google.pl,Male,Indonesia
180,Ray,Rotlauf,rrotlauf4z@va.gov,Female,Indonesia
181,Tamma,Swayton,tswayton50@yale.edu,Female,Indonesia
182,Moishe,Clowes,mclowes51@naver.com,Male,Indonesia
183,Fannie,Ciobotaru,fciobotaru52@google.pl,Female,Indonesia
184,Maryl,Drysdall,mdrysdall53@home.pl,Female,Indonesia
185,Winifield,Bridie,wbridie54@sfgate.com,Male,Indonesia
186,Rina,Durrans,rdurrans55@columbia.edu,Female,Indonesia
187,Fran,Hastelow,fhastelow56@spotify.com,Female,Indonesia
188,Jock,Roache,jroache57@guardian.co.uk,Male,Indonesia
189,Faydra,Guppie,fguppie58@ezinearticles.com,Polygender,Indonesia
190,Wilmer,Molson,wmolson59@i2i.jp,Genderfluid,Indonesia
191,Klemens,Cristou,kcristou5a@google.com.au,Male,Indonesia
192,Lidia,Andraud,landraud5b@tripadvisor.com,Female,Indonesia
193,Fifi,Busk,fbusk5c@privacy.gov.au,Female,Indonesia
194,Daisy,Schrinel,dschrinel5d@fda.gov,Female,Indonesia
195,Federico,Paradise,fparadise5e@cyberchimps.com,Male,Indonesia
196,Barbi,Guilloud,bguilloud5f@marketwatch.com,Non-binary,Indonesia
197,Wallace,Bucktrout,wbucktrout5g@dropbox.com,Male,Indonesia
198,Agretha,Bridgestock,abridgestock5h@baidu.com,Female,Indonesia
199,Aldon,Henniger,ahenniger5i@forbes.com,Bigender,Indonesia
200,Addy,Reddle,areddle5j@goo.gl,Female,Indonesia
201,Holly,Panas,hpanas5k@adobe.com,Male,Indonesia
202,Darcy,Salvadori,dsalvadori5l@zimbio.com,Male,Indonesia
203,Sharleen,Godfray,sgodfray5m@behance.net,Bigender,Indonesia
204,Romola,Gelly,rgelly5n@army.mil,Female,Indonesia
205,Lamond,Gabbitus,lgabbitus5o@mapy.cz,Male,Indonesia
206,Ingmar,Sainsberry,isainsberry5p@omniture.com,Male,Indonesia
207,Chrystal,Serridge,cserridge5q@bluehost.com,Female,Indonesia
208,Josie,Fredi,jfredi5r@goodreads.com,Female,Indonesia
209,Cacilie,Embra,cembra5s@typepad.com,Female,Indonesia
210,Zorah,Brikner,zbrikner5t@ucsd.edu,Female,Indonesia
211,Georgy,Zimmerman,gzimmerman5u@yolasite.com,Male,Indonesia
212,Gennifer,Quinlan,gquinlan5v@youtu.be,Female,Indonesia
213,Tracey,Berick,tberick5w@patch.com,Male,Indonesia
214,Pail,Henkmann,phenkmann5x@sourceforge.net,Male,Indonesia
215,Kai,Rebichon,krebichon5y@wikispaces.com,Bigender,Indonesia
216,Daren,Pinare,dpinare5z@gizmodo.com,Male,Indonesia
217,Ardra,Starrs,astarrs60@simplemachines.org,Female,Indonesia
218,Fabe,Chesney,fchesney61@unesco.org,Male,Indonesia
219,Moises,Haworth,mhaworth62@usa.gov,Bigender,Indonesia
220,Chuck,Gerardeaux,cgerardeaux63@twitpic.com,Male,Indonesia
221,Tristam,Jopling,tjopling64@nytimes.com,Male,Indonesia
222,Jewelle,Fritzer,jfritzer65@home.pl,Female,Indonesia
223,Blancha,Barbary,bbarbary66@qq.com,Female,Indonesia
224,Roley,Crighton,rcrighton67@ca.gov,Male,Indonesia
225,Keely,Kerrich,kkerrich68@tamu.edu,Female,Indonesia
226,Victor,Mylechreest,vmylechreest69@pinterest.com,Male,Indonesia
227,Fredia,Fey,ffey6a@360.cn,Female,Indonesia
228,Analiese,Ragge,aragge6b@digg.com,Female,Indonesia
229,Natalie,Gosnell,ngosnell6c@bizjournals.com,Female,Indonesia
230,Jazmin,Gerbi,jgerbi6d@yellowpages.com,Female,Indonesia
231,Irvin,Ansell,iansell6e@uol.com.br,Male,Indonesia
232,Rab,Hendriks,rhendriks6f@oakley.com,Male,Indonesia
233,Clark,Cleverly,ccleverly6g@msu.edu,Male,Indonesia
234,Jess,Weddup,jweddup6h@state.gov,Female,Indonesia
235,Emmi,Rowena,erowena6i@uol.com.br,Female,Indonesia
236,Pete,Westwick,pwestwick6j@time.com,Bigender,Indonesia
237,Pattie,Baylis,pbaylis6k@is.gd,Female,Indonesia
238,Con,Gonet,cgonet6l@chicagotribune.com,Male,Indonesia
239,Rowe,Iacovucci,riacovucci6m@answers.com,Polygender,Indonesia
240,Chrissy,Nutting,cnutting6n@digg.com,Female,Indonesia
241,Harmonie,Boddy,hboddy6o@dedecms.com,Female,Indonesia
242,Valdemar,Vousden,vvousden6p@bing.com,Male,Indonesia
243,Billie,Riolfo,briolfo6q@rediff.com,Female,Indonesia
244,Feliza,Arderne,farderne6r@unblog.fr,Polygender,Indonesia
245,Aluino,Hendren,ahendren6s@ed.gov,Male,Indonesia
246,Timmie,Pykett,tpykett6t@google.it,Male,Indonesia
247,Ezekiel,Hearne,ehearne6u@huffingtonpost.com,Male,Indonesia
248,Solly,Ingold,singold6v@google.com.hk,Male,Indonesia
249,Thaddeus,Millichap,tmillichap6w@51.la,Male,Indonesia
250,Hervey,Sellwood,hsellwood6x@craigslist.org,Genderqueer,Indonesia
251,Gusti,Bortolutti,gbortolutti6y@arizona.edu,Female,Indonesia
252,Sophia,Checklin,schecklin6z@goodreads.com,Female,Indonesia
253,Marlena,Lowdes,mlowdes70@cloudflare.com,Female,Indonesia
254,Dreddy,Gaitung,dgaitung71@pagesperso-orange.fr,Female,Indonesia
255,Elia,McMillam,emcmillam72@alexa.com,Male,Indonesia
256,Estrellita,Martinolli,emartinolli73@w3.org,Female,Indonesia
257,Shelly,Hintzer,shintzer74@fastcompany.com,Female,Indonesia
258,Sammie,Barette,sbarette75@prweb.com,Male,Indonesia
259,Colene,Measom,cmeasom76@baidu.com,Female,Indonesia
260,Luke,Treverton,ltreverton77@ocn.ne.jp,Male,Indonesia
261,Florance,Tomini,ftomini78@jigsy.com,Female,Indonesia
262,Mycah,Rankin,mrankin79@redcross.org,Male,Indonesia
263,Hammad,Aird,haird7a@bizjournals.com,Male,Indonesia
264,Daffie,Chevin,dchevin7b@cnn.com,Bigender,Indonesia
265,Lilith,Wyant,lwyant7c@squarespace.com,Female,Indonesia
266,Liza,Gilchrist,lgilchrist7d@washington.edu,Female,Indonesia
267,Anson,Chstney,achstney7e@cam.ac.uk,Male,Indonesia
268,Travus,Harsnipe,tharsnipe7f@mac.com,Male,Indonesia
269,Ritchie,Pavier,rpavier7g@virginia.edu,Male,Indonesia
270,Willy,Dresse,wdresse7h@webs.com,Female,Indonesia
271,Cher,Derrett,cderrett7i@irs.gov,Female,Indonesia
272,Quint,Abbots,qabbots7j@gravatar.com,Male,Indonesia
273,Chastity,Blacker,cblacker7k@homestead.com,Female,Indonesia
274,Patricia,Farnhill,pfarnhill7l@posterous.com,Female,Indonesia
275,Mellie,Gerardot,mgerardot7m@businessinsider.com,Female,Indonesia
276,Nicolai,Waeland,nwaeland7n@storify.com,Male,Indonesia
277,Aura,O' Donohoe,aodonohoe7o@harvard.edu,Female,Indonesia
278,Tony,Sowerbutts,tsowerbutts7p@msu.edu,Male,Indonesia
279,Jackelyn,Luis,jluis7q@google.pl,Female,Indonesia
280,Jarrid,Cubbin,jcubbin7r@cornell.edu,Male,Indonesia
281,Clayton,Cosson,ccosson7s@pagesperso-orange.fr,Male,Indonesia
282,Sharon,Guinan,sguinan7t@paginegialle.it,Female,Indonesia
283,Broddy,Farrey,bfarrey7u@google.ca,Male,Indonesia
284,Michael,Trytsman,mtrytsman7v@jalbum.net,Male,Indonesia
285,Caldwell,Dreher,cdreher7w@yellowbook.com,Male,Indonesia
286,Malcolm,Phettiplace,mphettiplace7x@techcrunch.com,Male,Indonesia
287,Maegan,Gravenell,mgravenell7y@businesswire.com,Female,Indonesia
288,Hillyer,Hasely,hhasely7z@mediafire.com,Male,Indonesia
289,Rriocard,Ludlem,rludlem80@gov.uk,Male,Indonesia
290,Marieann,MacAllen,mmacallen81@bravesites.com,Female,Indonesia
291,Garwin,Manueli,gmanueli82@engadget.com,Male,Indonesia
292,Greer,Staff,gstaff83@clickbank.net,Female,Indonesia
293,Xavier,Scrannage,xscrannage84@acquirethisname.com,Male,Indonesia
294,Fairfax,Kimm,fkimm85@dot.gov,Male,Indonesia
295,Koo,Catcheside,kcatcheside86@go.com,Female,Indonesia
296,Odell,Kift,okift87@hc360.com,Male,Indonesia
297,Arther,Dutton,adutton88@reverbnation.com,Male,Indonesia
298,Donny,Marsland,dmarsland89@msu.edu,Female,Indonesia
299,Cchaddie,Goshawk,cgoshawk8a@ow.ly,Male,Indonesia
300,Forbes,Zack,fzack8b@weibo.com,Bigender,Indonesia
301,Edgar,Mawby,emawby8c@bing.com,Male,Indonesia
302,Randi,Fairbeard,rfairbeard8d@i2i.jp,Male,Indonesia
303,Vick,Pipkin,vpipkin8e@ebay.co.uk,Male,Indonesia
304,Erich,Gremain,egremain8f@indiatimes.com,Male,Indonesia
305,Marianna,Mangeot,mmangeot8g@moonfruit.com,Female,Indonesia
306,Lonny,Rosenfelt,lrosenfelt8h@census.gov,Male,Indonesia
307,Fenelia,Larkby,flarkby8i@1und1.de,Female,Indonesia
308,Abrahan,Glanz,aglanz8j@comsenz.com,Male,Indonesia
309,Wini,Daice,wdaice8k@ycombinator.com,Female,Indonesia
310,Marlie,Rigge,mrigge8l@forbes.com,Non-binary,Indonesia
311,Skipper,Ghioni,sghioni8m@123-reg.co.uk,Male,Indonesia
312,Harri,Fritzer,hfritzer8n@admin.ch,Female,Indonesia
313,Bancroft,Ganter,bganter8o@hubpages.com,Male,Indonesia
314,Biron,Garett,bgarett8p@1und1.de,Male,Indonesia
315,Tallie,Barehead,tbarehead8q@oaic.gov.au,Female,Indonesia
316,Judah,Askey,jaskey8r@cdbaby.com,Male,Indonesia
317,Egan,Beentjes,ebeentjes8s@google.it,Male,Indonesia
318,Kessia,Ashfold,kashfold8t@ning.com,Female,Indonesia
319,Bellanca,Coste,bcoste8u@shareasale.com,Female,Indonesia
320,Ambrosius,Foottit,afoottit8v@blogger.com,Genderqueer,Indonesia
321,Weber,Capelle,wcapelle8w@wordpress.org,Male,Indonesia
322,Corbett,Brockwell,cbrockwell8x@youtu.be,Male,Indonesia
323,Chloette,Dacca,cdacca8y@indiegogo.com,Female,Indonesia
324,Kimbell,Guyon,kguyon8z@domainmarket.com,Male,Indonesia
325,Adoree,Caskey,acaskey90@irs.gov,Female,Indonesia
326,Clem,Mingame,cmingame91@hexun.com,Male,Indonesia
327,Sukey,Kovacs,skovacs92@examiner.com,Female,Indonesia
328,Conchita,Eltun,celtun93@cnbc.com,Female,Indonesia
329,Clari,Nicholes,cnicholes94@com.com,Female,Indonesia
330,Wilton,Diwell,wdiwell95@tripadvisor.com,Male,Indonesia
331,Delores,Brigdale,dbrigdale96@huffingtonpost.com,Female,Indonesia
332,Adelina,Neeves,aneeves97@mapquest.com,Female,Indonesia
333,Sheba,Godon,sgodon98@wired.com,Female,Indonesia
334,Malena,Runnalls,mrunnalls99@geocities.com,Female,Indonesia
335,Edithe,Brumby,ebrumby9a@mozilla.org,Female,Indonesia
336,Anatole,Abbitt,aabbitt9b@psu.edu,Male,Indonesia
337,Tully,Chasemoore,tchasemoore9c@privacy.gov.au,Male,Indonesia
338,Cordula,MacNish,cmacnish9d@ftc.gov,Female,Indonesia
339,Aubrey,Buglass,abuglass9e@sakura.ne.jp,Male,Indonesia
340,Lorna,Tarpey,ltarpey9f@cbslocal.com,Female,Indonesia
341,Lowrance,Realy,lrealy9g@wsj.com,Male,Indonesia
342,Cheri,Jorio,cjorio9h@about.com,Female,Indonesia
343,Sherry,Lehrmann,slehrmann9i@mashable.com,Female,Indonesia
344,Nell,Janacek,njanacek9j@columbia.edu,Female,Indonesia
345,Starlene,Champain,schampain9k@google.cn,Female,Indonesia
346,Hort,Moger,hmoger9l@bizjournals.com,Male,Indonesia
347,Rick,Jeannel,rjeannel9m@dyndns.org,Male,Indonesia
348,Jodie,Beacroft,jbeacroft9n@about.com,Male,Indonesia
349,Rowan,Jessel,rjessel9o@csmonitor.com,Male,Indonesia
350,Haskell,Durrett,hdurrett9p@google.de,Male,Indonesia
351,Leesa,Hacard,lhacard9q@imgur.com,Female,Indonesia
352,Gwynne,Lappin,glappin9r@webmd.com,Female,Indonesia
353,Alisa,Hudghton,ahudghton9s@paypal.com,Non-binary,Indonesia
354,Francisco,Pigram,fpigram9t@skyrock.com,Male,Indonesia
355,Nicolina,Snowsill,nsnowsill9u@booking.com,Female,Indonesia
356,Germaine,Savaage,gsavaage9v@issuu.com,Male,Indonesia
357,Tatiana,Fomichyov,tfomichyov9w@amazon.com,Female,Indonesia
358,Ebony,Sillars,esillars9x@cnbc.com,Female,Indonesia
359,Worthy,Shires,wshires9y@sbwire.com,Male,Indonesia
360,Shelton,Jickells,sjickells9z@altervista.org,Male,Indonesia
361,Cass,Dehn,cdehna0@paginegialle.it,Female,Indonesia
362,Jesus,Di Biaggi,jdibiaggia1@dyndns.org,Male,Indonesia
363,Gabbey,Fells,gfellsa2@state.tx.us,Female,Indonesia
364,Dov,Kench,dkencha3@blogger.com,Male,Indonesia
365,Grete,Tejada,gtejadaa4@google.fr,Female,Indonesia
366,Moyna,McFarlan,mmcfarlana5@prlog.org,Female,Indonesia
367,Anne-marie,Sharnock,asharnocka6@hhs.gov,Polygender,Indonesia
368,Marijo,Smallwood,msmallwooda7@google.com.hk,Female,Indonesia
369,Lona,Worpole,lworpolea8@comsenz.com,Genderqueer,Indonesia
370,Nariko,Coster,ncostera9@wufoo.com,Female,Indonesia
371,Padget,Dunbobin,pdunbobinaa@blinklist.com,Male,Indonesia
372,Guglielma,Piatto,gpiattoab@vistaprint.com,Genderqueer,Indonesia
373,Leslie,Locket,llocketac@over-blog.com,Genderqueer,Indonesia
374,Lucita,Eads,leadsad@github.io,Female,Indonesia
375,Sallie,Wanstall,swanstallae@purevolume.com,Female,Indonesia
376,Kane,Picott,kpicottaf@marriott.com,Male,Indonesia
377,Minnaminnie,Torrecilla,mtorrecillaag@ezinearticles.com,Female,Indonesia
378,Kelly,Chawkley,kchawkleyah@epa.gov,Male,Indonesia
379,Vida,Gouge,vgougeai@bloomberg.com,Female,Indonesia
380,Felice,Trevallion,ftrevallionaj@alexa.com,Male,Indonesia
381,Prescott,Louiset,plouisetak@hhs.gov,Male,Indonesia
382,Ann,Owthwaite,aowthwaiteal@joomla.org,Female,Indonesia
383,Sean,Thomel,sthomelam@istockphoto.com,Female,Indonesia
384,Ruttger,Tatershall,rtatershallan@ucsd.edu,Male,Indonesia
385,Shadow,Le Fleming,sleflemingao@lulu.com,Male,Indonesia
386,Kissiah,Antosch,kantoschap@sina.com.cn,Female,Indonesia
387,Shawn,Petrov,spetrovaq@vk.com,Female,Indonesia
388,Jaclin,Boocock,jboocockar@jalbum.net,Female,Indonesia
389,Dolley,Markie,dmarkieas@cnet.com,Female,Indonesia
390,Babb,Greatham,bgreathamat@hp.com,Female,Indonesia
391,Mallory,Pittock,mpittockau@edublogs.org,Male,Indonesia
392,Steffi,Swadlen,sswadlenav@sogou.com,Female,Indonesia
393,Dave,Skone,dskoneaw@house.gov,Male,Indonesia
394,Michele,Joyce,mjoyceax@army.mil,Agender,Indonesia
395,Shurlocke,Boord,sboorday@printfriendly.com,Male,Indonesia
396,Wright,Langdon,wlangdonaz@ox.ac.uk,Male,Indonesia
397,Byrle,Sammon,bsammonb0@merriam-webster.com,Genderfluid,Indonesia
398,Rita,Bradnick,rbradnickb1@shareasale.com,Genderqueer,Indonesia
399,Karil,Spyvye,kspyvyeb2@ca.gov,Female,Indonesia
400,Caroline,Gajownik,cgajownikb3@apache.org,Female,Indonesia
401,Enid,Berkowitz,eberkowitzb4@gnu.org,Female,Indonesia
402,Freddy,Haworth,fhaworthb5@hubpages.com,Female,Indonesia
403,Lauryn,Carrack,lcarrackb6@51.la,Female,Indonesia
404,Elisa,Gilardi,egilardib7@discuz.net,Female,Indonesia
405,Benedikt,King,bkingb8@dedecms.com,Male,Indonesia
406,Antony,Alberti,aalbertib9@statcounter.com,Male,Indonesia
407,Jolie,Dunkley,jdunkleyba@imgur.com,Female,Indonesia
408,Meridel,Hitzschke,mhitzschkebb@sciencedirect.com,Female,Indonesia
409,Chelsea,Sparks,csparksbc@google.es,Female,Indonesia
410,Bobby,Holworth,bholworthbd@va.gov,Male,Indonesia
411,Blaire,Dashper,bdashperbe@ebay.com,Female,Indonesia
412,Robinett,Longhorne,rlonghornebf@squarespace.com,Female,Indonesia
413,Francine,Broadstock,fbroadstockbg@indiatimes.com,Female,Indonesia
414,Nichol,Clinnick,nclinnickbh@wikimedia.org,Female,Indonesia
415,Theda,Baglin,tbaglinbi@yelp.com,Female,Indonesia
416,Erena,Haugen,ehaugenbj@wordpress.org,Female,Indonesia
417,Marthena,Niccolls,mniccollsbk@mtv.com,Female,Indonesia
418,Bartie,Saby,bsabybl@slideshare.net,Male,Indonesia
419,Miguela,Collett,mcollettbm@hp.com,Female,Indonesia
420,Lorant,Fiddler,lfiddlerbn@feedburner.com,Male,Indonesia
421,Adamo,Garlette,agarlettebo@e-recht24.de,Male,Indonesia
422,Marta,Dallon,mdallonbp@eventbrite.com,Female,Indonesia
423,Carlie,Stansbie,cstansbiebq@pinterest.com,Female,Indonesia
424,Evaleen,Lawlie,elawliebr@soundcloud.com,Female,Indonesia
425,Maryrose,Budibent,mbudibentbs@hhs.gov,Female,Indonesia
426,Shanan,Arend,sarendbt@topsy.com,Male,Indonesia
427,Pauline,Siebart,psiebartbu@sun.com,Female,Indonesia
428,Isabeau,Brothwood,ibrothwoodbv@t-online.de,Genderfluid,Indonesia
429,Blanca,Burleigh,bburleighbw@ustream.tv,Female,Indonesia
430,Bert,Trunby,btrunbybx@wikia.com,Female,Indonesia
431,Annora,Ramalhete,aramalheteby@seesaa.net,Female,Indonesia
432,Cross,Cherm,cchermbz@webmd.com,Male,Indonesia
433,Paddy,Gummow,pgummowc0@amazon.co.jp,Male,Indonesia
434,Tann,O'Brallaghan,tobrallaghanc1@1688.com,Male,Indonesia
435,Gretal,Eddolls,geddollsc2@nytimes.com,Agender,Indonesia
436,Tabbie,Whitnell,twhitnellc3@newsvine.com,Male,Indonesia
437,Koenraad,Fowell,kfowellc4@dmoz.org,Male,Indonesia
438,Baily,Giovani,bgiovanic5@cafepress.com,Male,Indonesia
439,Rosina,Durbin,rdurbinc6@house.gov,Female,Indonesia
440,Benny,Ishak,bishakc7@statcounter.com,Male,Indonesia
441,Marietta,Wofenden,mwofendenc8@ocn.ne.jp,Female,Indonesia
442,Nathaniel,Esler,neslerc9@purevolume.com,Male,Indonesia
443,Harley,Burnham,hburnhamca@blogtalkradio.com,Male,Indonesia
444,Stewart,Pescud,spescudcb@timesonline.co.uk,Male,Indonesia
445,Barbey,Kleyn,bkleyncc@harvard.edu,Female,Indonesia
446,Adrien,Girdlestone,agirdlestonecd@amazon.com,Male,Indonesia
447,Correy,Geratasch,cgerataschce@thetimes.co.uk,Female,Indonesia
448,Henry,Rothery,hrotherycf@wikipedia.org,Non-binary,Indonesia
449,Bryon,Radleigh,bradleighcg@storify.com,Male,Indonesia
450,Kendra,Jovicevic,kjovicevicch@about.me,Female,Indonesia
451,Rickard,Nowak,rnowakci@free.fr,Male,Indonesia
452,Tallulah,Bunten,tbuntencj@dion.ne.jp,Female,Indonesia
453,Carce,Lacaze,clacazeck@archive.org,Male,Indonesia
454,Hirsch,Withur,hwithurcl@zimbio.com,Male,Indonesia
455,Kailey,Simak,ksimakcm@nps.gov,Female,Indonesia
456,Angel,Hallas,ahallascn@imageshack.us,Male,Indonesia
457,Cyrus,Sikorsky,csikorskyco@arizona.edu,Male,Indonesia
458,Silva,Kleinhaus,skleinhauscp@4shared.com,Female,Indonesia
459,Ardeen,Peal,apealcq@wufoo.com,Female,Indonesia
460,Warde,Beeke,wbeekecr@businesswire.com,Male,Indonesia
461,Gabrila,Blanking,gblankingcs@state.gov,Female,Indonesia
462,Orelia,Spence,ospencect@arizona.edu,Female,Indonesia
463,Cristobal,McGlashan,cmcglashancu@ezinearticles.com,Male,Indonesia
464,Ax,Dechelle,adechellecv@nytimes.com,Male,Indonesia
465,Bondie,Hutten,bhuttencw@dmoz.org,Male,Indonesia
466,Helaina,Cadman,hcadmancx@twitter.com,Female,Indonesia
467,Leo,Handmore,lhandmorecy@tinypic.com,Male,Indonesia
468,Francene,Hirtz,fhirtzcz@nature.com,Female,Indonesia
469,Humfrid,Othick,hothickd0@soundcloud.com,Male,Indonesia
470,Jenn,Lamb,jlambd1@ask.com,Female,Indonesia
471,Reuben,Whiff,rwhiffd2@wiley.com,Male,Indonesia
472,Rosamond,Edgeler,redgelerd3@bloglines.com,Female,Indonesia
473,Franz,Bowton,fbowtond4@mit.edu,Male,Indonesia
474,Cecilius,Kenworthey,ckenwortheyd5@state.gov,Male,Indonesia
475,Nataline,Ferryman,nferrymand6@woothemes.com,Female,Indonesia
476,Lise,Greschke,lgreschked7@theglobeandmail.com,Female,Indonesia
477,Petra,Coaster,pcoasterd8@apache.org,Female,Indonesia
478,Misty,Crosetti,mcrosettid9@ask.com,Female,Indonesia
479,Leroy,Ferrier,lferrierda@gizmodo.com,Agender,Indonesia
480,Karlens,Pedrocco,kpedroccodb@sun.com,Male,Indonesia
481,Vanya,Hoolaghan,vhoolaghandc@yahoo.com,Female,Indonesia
482,Erin,Presidey,epresideydd@rakuten.co.jp,Male,Indonesia
483,Craggy,Blinerman,cblinermande@homestead.com,Male,Indonesia
484,Federico,Cottrell,fcottrelldf@sun.com,Male,Indonesia
485,Blondell,Gallier,bgallierdg@hatena.ne.jp,Female,Indonesia
486,Benedicto,Druitt,bdruittdh@bbc.co.uk,Male,Indonesia
487,Louisette,Hattersley,lhattersleydi@stanford.edu,Female,Indonesia
488,Carmita,Pauncefort,cpauncefortdj@adobe.com,Female,Indonesia
489,Eula,Beedom,ebeedomdk@seesaa.net,Female,Indonesia
490,Harmon,Milington,hmilingtondl@mlb.com,Male,Indonesia
491,Brinna,Genge,bgengedm@edublogs.org,Female,Indonesia
492,Mae,Webb,mwebbdn@skype.com,Female,Indonesia
493,Silvain,McWhinnie,smcwhinniedo@bing.com,Male,Indonesia
494,Hagan,Sheather,hsheatherdp@youku.com,Male,Indonesia
495,Clemmy,Bloxland,cbloxlanddq@skyrock.com,Genderfluid,Indonesia
496,Grantley,MacEveley,gmaceveleydr@yellowpages.com,Male,Indonesia
497,Kerry,Gertz,kgertzds@gmpg.org,Male,Indonesia
498,Nannie,Goldin,ngoldindt@vistaprint.com,Female,Indonesia
499,Shermy,De Paepe,sdepaepedu@mozilla.com,Male,Indonesia
500,Goldy,Stopper,gstopperdv@ask.com,Non-binary,Indonesia
501,Richie,Oxenbury,roxenburydw@clickbank.net,Male,Indonesia
502,Jaquith,McQuorkell,jmcquorkelldx@psu.edu,Female,Indonesia
503,Vonnie,Spender,vspenderdy@baidu.com,Female,Indonesia
504,Martha,Ivchenko,mivchenkodz@wikipedia.org,Female,Indonesia
505,Gaby,Cruikshanks,gcruikshankse0@free.fr,Female,Indonesia
506,Estel,Chumley,echumleye1@vinaora.com,Female,Indonesia
507,Shandie,Oughtright,soughtrighte2@hhs.gov,Female,Indonesia
508,Zollie,Arthy,zarthye3@constantcontact.com,Male,Indonesia
509,Deena,Monan,dmonane4@elpais.com,Female,Indonesia
510,Pepito,Beech,pbeeche5@geocities.jp,Male,Indonesia
511,Aurea,Hudson,ahudsone6@ucoz.ru,Female,Indonesia
512,Sibyl,Dreini,sdreinie7@de.vu,Female,Indonesia
513,Leelah,Ghidoni,lghidonie8@wordpress.com,Female,Indonesia
514,Catherine,Minichi,cminichie9@google.ru,Female,Indonesia
515,Lorin,Waddingham,lwaddinghamea@tinypic.com,Male,Indonesia
516,Thornie,Demogeot,tdemogeoteb@oakley.com,Non-binary,Indonesia
517,Arty,Bultitude,abultitudeec@creativecommons.org,Male,Indonesia
518,Albina,Dankersley,adankersleyed@github.io,Female,Indonesia
519,Harbert,Poupard,hpoupardee@dedecms.com,Male,Indonesia
520,Garth,Cumpton,gcumptonef@phoca.cz,Male,Indonesia
521,Daphne,Ties,dtieseg@msn.com,Female,Indonesia
522,Christoper,Ferronel,cferroneleh@godaddy.com,Male,Indonesia
523,Giles,McCrostie,gmccrostieei@weibo.com,Bigender,Indonesia
524,Gigi,Oldroyde,goldroydeej@dell.com,Female,Indonesia
525,Aida,Hallen,ahallenek@ezinearticles.com,Female,Indonesia
526,Vasily,Havock,vhavockel@engadget.com,Male,Indonesia
527,Zerk,Dadd,zdaddem@google.ca,Male,Indonesia
528,Saba,Kernley,skernleyen@discuz.net,Female,Indonesia
529,Hastie,Spain,hspaineo@dagondesign.com,Male,Indonesia
530,Gian,Gander,gganderep@yelp.com,Male,Indonesia
531,Lucilia,Cuphus,lcuphuseq@webnode.com,Female,Indonesia
532,Marylynne,Fry,mfryer@mtv.com,Polygender,Indonesia
533,Tootsie,Sillito,tsillitoes@cbc.ca,Female,Indonesia
534,Cleon,Ledley,cledleyet@soup.io,Male,Indonesia
535,Brandie,Cloney,bcloneyeu@harvard.edu,Female,Indonesia
536,Brnaby,Pennone,bpennoneev@godaddy.com,Male,Indonesia
537,Dedra,Roseblade,drosebladeew@who.int,Female,Indonesia
538,Salim,Efford,seffordex@xing.com,Male,Indonesia
539,Aguste,Reding,aredingey@4shared.com,Genderqueer,Indonesia
540,Galvan,Kowalski,gkowalskiez@nba.com,Male,Indonesia
541,Adolph,Haistwell,ahaistwellf0@ebay.com,Male,Indonesia
542,Kain,Buxey,kbuxeyf1@1und1.de,Male,Indonesia
543,Zelda,Briddock,zbriddockf2@mac.com,Female,Indonesia
544,Brinn,Wyd,bwydf3@yahoo.com,Female,Indonesia
545,Roslyn,Ayrton,rayrtonf4@i2i.jp,Agender,Indonesia
546,Zeb,Calven,zcalvenf5@github.com,Male,Indonesia
547,Lloyd,Felgate,lfelgatef6@comcast.net,Male,Indonesia
548,Sully,Maclean,smacleanf7@infoseek.co.jp,Male,Indonesia
549,Milo,O'Teague,moteaguef8@google.co.jp,Male,Indonesia
550,Hussein,Robertsen,hrobertsenf9@mtv.com,Male,Indonesia
551,Tiena,Petrussi,tpetrussifa@51.la,Female,Indonesia
552,Casey,Murrells,cmurrellsfb@accuweather.com,Male,Indonesia
553,Emery,Dwerryhouse,edwerryhousefc@wufoo.com,Male,Indonesia
554,Durante,Puddicombe,dpuddicombefd@reverbnation.com,Male,Indonesia
555,Rosalyn,Sharpous,rsharpousfe@ameblo.jp,Female,Indonesia
556,Lilias,Penhallurick,lpenhallurickff@google.co.uk,Female,Indonesia
557,Florri,Mackett,fmackettfg@theglobeandmail.com,Genderqueer,Indonesia
558,Hyatt,Malam,hmalamfh@japanpost.jp,Agender,Indonesia
559,Libbey,Sikora,lsikorafi@oracle.com,Female,Indonesia
560,Rodina,Henrion,rhenrionfj@feedburner.com,Female,Indonesia
561,Kassie,Gradwell,kgradwellfk@nationalgeographic.com,Female,Indonesia
562,Herminia,Balchin,hbalchinfl@google.com.au,Female,Indonesia
563,Jackelyn,Rene,jrenefm@businessweek.com,Female,Indonesia
564,Peg,Cescoti,pcescotifn@craigslist.org,Female,Indonesia
565,Koralle,Quickenden,kquickendenfo@diigo.com,Female,Indonesia
566,Welsh,Lansdown,wlansdownfp@google.co.jp,Male,Indonesia
567,Kathie,Wannell,kwannellfq@indiegogo.com,Female,Indonesia
568,Zorana,Tillman,ztillmanfr@mysql.com,Female,Indonesia
569,Faydra,Sidwick,fsidwickfs@rambler.ru,Female,Indonesia
570,Paulo,Morlon,pmorlonft@cornell.edu,Male,Indonesia
571,Humfrid,Knok,hknokfu@huffingtonpost.com,Male,Indonesia
572,Gus,Huntly,ghuntlyfv@sakura.ne.jp,Male,Indonesia
573,Violette,Carde,vcardefw@yahoo.co.jp,Female,Indonesia
574,Nydia,Ainger,naingerfx@cnet.com,Female,Indonesia
575,Abbie,Tschersich,atschersichfy@multiply.com,Male,Indonesia
576,Sutherland,Haugh,shaughfz@icio.us,Male,Indonesia
577,Rufus,Jagielski,rjagielskig0@google.ru,Bigender,Indonesia
578,Rossie,Bensley,rbensleyg1@craigslist.org,Male,Indonesia
579,Jerry,Carnson,jcarnsong2@naver.com,Male,Indonesia
580,Birch,Shubotham,bshubothamg3@home.pl,Male,Indonesia
581,Neil,Boyton,nboytong4@columbia.edu,Male,Indonesia
582,Edie,Aldam,ealdamg5@constantcontact.com,Female,Indonesia
583,Earl,Carter,ecarterg6@psu.edu,Male,Indonesia
584,Emmalynne,Joul,ejoulg7@php.net,Female,Indonesia
585,Izak,Cockton,icocktong8@nba.com,Male,Indonesia
586,Jelene,Whear,jwhearg9@fastcompany.com,Agender,Indonesia
587,Wilfred,Bilyard,wbilyardga@reuters.com,Polygender,Indonesia
588,Iver,Yakolev,iyakolevgb@simplemachines.org,Male,Indonesia
589,Waverley,Spencelayh,wspencelayhgc@privacy.gov.au,Male,Indonesia
590,Stavro,Valentine,svalentinegd@soup.io,Male,Indonesia
591,Saul,Haggas,shaggasge@oakley.com,Male,Indonesia
592,Marti,Courvert,mcourvertgf@sina.com.cn,Female,Indonesia
593,Hyatt,Lingwood,hlingwoodgg@pen.io,Male,Indonesia
594,Brandy,Macbane,bmacbanegh@printfriendly.com,Agender,Indonesia
595,Leoine,Rohfsen,lrohfsengi@ow.ly,Female,Indonesia
596,Allina,O'Cannon,aocannongj@economist.com,Female,Indonesia
597,Karlee,Gandey,kgandeygk@bloglines.com,Female,Indonesia
598,Ginnifer,Grainger,ggraingergl@comcast.net,Genderfluid,Indonesia
599,Webb,Feakins,wfeakinsgm@berkeley.edu,Male,Indonesia
600,Laurene,Whitehead,lwhiteheadgn@howstuffworks.com,Female,Indonesia
601,Letta,Yanyshev,lyanyshevgo@behance.net,Female,Indonesia
602,Curr,Robeiro,crobeirogp@skype.com,Male,Indonesia
603,Skipper,Naptine,snaptinegq@godaddy.com,Male,Indonesia
604,Sorcha,Rotchell,srotchellgr@imageshack.us,Female,Indonesia
605,Melly,Naughton,mnaughtongs@devhub.com,Female,Indonesia
606,Clarey,Hawking,chawkinggt@dedecms.com,Bigender,Indonesia
607,Willetta,Head,wheadgu@zdnet.com,Female,Indonesia
608,Jemima,McCluney,jmccluneygv@tmall.com,Polygender,Indonesia
609,Adelle,Handsheart,ahandsheartgw@prnewswire.com,Female,Indonesia
610,D'arcy,Foskew,dfoskewgx@wp.com,Male,Indonesia
611,Remus,Pemberton,rpembertongy@parallels.com,Male,Indonesia
612,Beverly,Forsard,bforsardgz@netscape.com,Female,Indonesia
613,Cletus,Junifer,cjuniferh0@oakley.com,Male,Indonesia
614,Ludwig,McAuliffe,lmcauliffeh1@nba.com,Male,Indonesia
615,Ev,Hunnybun,ehunnybunh2@github.io,Male,Indonesia
616,Josey,Murie,jmurieh3@mashable.com,Female,Indonesia
617,Kearney,Ahren,kahrenh4@hubpages.com,Male,Indonesia
618,Ralph,Gagan,rgaganh5@cocolog-nifty.com,Male,Indonesia
619,Nichol,Fedoronko,nfedoronkoh6@xrea.com,Female,Indonesia
620,Patience,Chadwick,pchadwickh7@tinyurl.com,Female,Indonesia
621,Wynny,Edmonston,wedmonstonh8@narod.ru,Female,Indonesia
622,Melonie,Meenan,mmeenanh9@alibaba.com,Female,Indonesia
623,Esme,Effaunt,eeffauntha@biblegateway.com,Male,Indonesia
624,Perle,Tubridy,ptubridyhb@umn.edu,Female,Indonesia
625,Eugen,MacGhee,emacgheehc@narod.ru,Male,Indonesia
626,Abie,Ferran,aferranhd@wunderground.com,Male,Indonesia
627,Richardo,Brafferton,rbraffertonhe@behance.net,Male,Indonesia
628,Theo,Barstowk,tbarstowkhf@opera.com,Male,Indonesia
629,Daveta,Clearley,dclearleyhg@netlog.com,Female,Indonesia
630,Alice,Arnaldo,aarnaldohh@ow.ly,Female,Indonesia
631,Cherice,McCutheon,cmccutheonhi@merriam-webster.com,Genderqueer,Indonesia
632,Kathleen,Cardenas,kcardenashj@purevolume.com,Female,Indonesia
633,Pascale,Eburne,peburnehk@tinypic.com,Male,Indonesia
634,Dolf,Fawltey,dfawlteyhl@mozilla.org,Male,Indonesia
635,Berny,Dumsday,bdumsdayhm@prnewswire.com,Female,Indonesia
636,Ike,Fearnsides,ifearnsideshn@imdb.com,Male,Indonesia
637,Kizzee,Swiffin,kswiffinho@cpanel.net,Female,Indonesia
638,Dari,Taylerson,dtaylersonhp@dropbox.com,Female,Indonesia
639,Prinz,Gherardini,pgherardinihq@slashdot.org,Male,Indonesia
640,Katusha,Corser,kcorserhr@xinhuanet.com,Female,Indonesia
641,Loleta,Jarley,ljarleyhs@mtv.com,Female,Indonesia
642,Elaine,Topping,etoppinght@youku.com,Female,Indonesia
643,Northrup,Cregg,ncregghu@microsoft.com,Male,Indonesia
644,Dari,Garz,dgarzhv@digg.com,Female,Indonesia
645,Giorgi,Maccaddie,gmaccaddiehw@reuters.com,Male,Indonesia
646,Reid,Kidston,rkidstonhx@elegantthemes.com,Male,Indonesia
647,Hadley,Gun,hgunhy@facebook.com,Male,Indonesia
648,Montgomery,Skoyles,mskoyleshz@harvard.edu,Male,Indonesia
649,Lion,Easson,leassoni0@boston.com,Male,Indonesia
650,Nil,Telling,ntellingi1@yelp.com,Male,Indonesia
651,Aylmer,Lindley,alindleyi2@washington.edu,Male,Indonesia
652,Dwayne,Lightewood,dlightewoodi3@artisteer.com,Bigender,Indonesia
653,Tasia,Ineson,tinesoni4@yahoo.com,Female,Indonesia
654,Rouvin,Dadson,rdadsoni5@dot.gov,Male,Indonesia
655,Annmaria,Corkhill,acorkhilli6@shop-pro.jp,Female,Indonesia
656,Thorsten,Szach,tszachi7@skyrock.com,Male,Indonesia
657,Jobye,Michieli,jmichielii8@youtu.be,Female,Indonesia
658,Kareem,Conaghan,kconaghani9@tinyurl.com,Male,Indonesia
659,Say,Fernez,sfernezia@house.gov,Male,Indonesia
660,Zorine,Claige,zclaigeib@bluehost.com,Female,Indonesia
661,Micky,Derr,mderric@cloudflare.com,Female,Indonesia
662,Benedict,Vogelein,bvogeleinid@wikispaces.com,Male,Indonesia
663,Giselle,Kondrachenko,gkondrachenkoie@slideshare.net,Bigender,Indonesia
664,Donaugh,Abramowsky,dabramowskyif@vk.com,Male,Indonesia
665,Fae,Duck,fduckig@nba.com,Female,Indonesia
666,Rowland,Dargan,rdarganih@jugem.jp,Polygender,Indonesia
667,Bobina,O'Tuohy,botuohyii@eepurl.com,Female,Indonesia
668,Louella,Dener,ldenerij@t.co,Polygender,Indonesia
669,Dewain,Hanington,dhaningtonik@youtube.com,Male,Indonesia
670,Henry,Febre,hfebreil@jugem.jp,Male,Indonesia
671,Nowell,Daysh,ndayshim@rediff.com,Male,Indonesia
672,Polly,Liveley,pliveleyin@chron.com,Female,Indonesia
673,Annora,Musprat,amuspratio@xinhuanet.com,Female,Indonesia
674,Ryon,Blackstock,rblackstockip@nyu.edu,Male,Indonesia
675,Rivalee,Hellicar,rhellicariq@123-reg.co.uk,Female,Indonesia
676,Ashbey,Runcieman,arunciemanir@qq.com,Male,Indonesia
677,Abba,Schukraft,aschukraftis@cafepress.com,Male,Indonesia
678,Merrie,Kielty,mkieltyit@whitehouse.gov,Female,Indonesia
679,Ronda,Dumbleton,rdumbletoniu@omniture.com,Female,Indonesia
680,Iggie,Wibrow,iwibrowiv@angelfire.com,Male,Indonesia
681,Vidovic,Camelin,vcameliniw@reference.com,Male,Indonesia
682,Goldia,Woodings,gwoodingsix@squidoo.com,Non-binary,Indonesia
683,Nixie,Saladin,nsaladiniy@bigcartel.com,Female,Indonesia
684,Marcella,Camings,mcamingsiz@hatena.ne.jp,Female,Indonesia
685,Marni,Snap,msnapj0@archive.org,Female,Indonesia
686,Lanny,Leteurtre,lleteurtrej1@addthis.com,Female,Indonesia
687,Lissie,Canadine,lcanadinej2@nsw.gov.au,Female,Indonesia
688,Kenton,Claridge,kclaridgej3@dailymail.co.uk,Male,Indonesia
689,Moyra,Tuckwell,mtuckwellj4@umn.edu,Female,Indonesia
690,Mord,Jendrusch,mjendruschj5@wunderground.com,Male,Indonesia
691,Bobette,Tottem,btottemj6@biblegateway.com,Female,Indonesia
692,Ninette,Penhearow,npenhearowj7@archive.org,Female,Indonesia
693,Ettie,Brightey,ebrighteyj8@blinklist.com,Female,Indonesia
694,Neel,Kenzie,nkenziej9@amazon.com,Male,Indonesia
695,Goober,Mallen,gmallenja@behance.net,Male,Indonesia
696,Judas,Grima,jgrimajb@webmd.com,Male,Indonesia
697,Erica,Edgson,eedgsonjc@163.com,Female,Indonesia
698,Padget,Frankiss,pfrankissjd@springer.com,Male,Indonesia
699,Westbrook,Crace,wcraceje@posterous.com,Male,Indonesia
700,Talyah,Baldelli,tbaldellijf@digg.com,Female,Indonesia
701,Flory,Dargan,fdarganjg@illinois.edu,Female,Indonesia
702,Florida,Elsie,felsiejh@fda.gov,Female,Indonesia
703,Marilin,Glyn,mglynji@cmu.edu,Female,Indonesia
704,Yul,Seelbach,yseelbachjj@wikimedia.org,Male,Indonesia
705,Sabrina,Allingham,sallinghamjk@ft.com,Female,Indonesia
706,Arney,Bedding,abeddingjl@geocities.jp,Male,Indonesia
707,Bella,Dunsmuir,bdunsmuirjm@wisc.edu,Female,Indonesia
708,Elsie,Hakey,ehakeyjn@nps.gov,Female,Indonesia
709,Lily,Strathern,lstrathernjo@studiopress.com,Female,Indonesia
710,Waverley,Laslett,wlaslettjp@github.io,Agender,Indonesia
711,Georgi,Escolme,gescolmejq@thetimes.co.uk,Bigender,Indonesia
712,Audra,Slingsby,aslingsbyjr@msn.com,Female,Indonesia
713,Tasha,Springall,tspringalljs@bing.com,Genderfluid,Indonesia
714,Ferdinand,Vian,fvianjt@behance.net,Male,Indonesia
715,Tedda,Bortolutti,tbortoluttiju@php.net,Female,Indonesia
716,Luigi,Gilders,lgildersjv@cnbc.com,Male,Indonesia
717,Mozes,Rusted,mrustedjw@wired.com,Male,Indonesia
718,Shepard,Stife,sstifejx@feedburner.com,Male,Indonesia
719,Barron,Yerbury,byerburyjy@drupal.org,Male,Indonesia
720,Elwin,Prestney,eprestneyjz@delicious.com,Male,Indonesia
721,Brander,Corkill,bcorkillk0@newyorker.com,Male,Indonesia
722,Lee,Southerton,lsouthertonk1@spotify.com,Male,Indonesia
723,Maridel,Keene,mkeenek2@redcross.org,Female,Indonesia
724,Barde,Fairall,bfairallk3@shop-pro.jp,Male,Indonesia
725,Angel,Maps,amapsk4@yahoo.com,Female,Indonesia
726,Vito,Duxbarry,vduxbarryk5@springer.com,Agender,Indonesia
727,Marvin,Arrell,marrellk6@guardian.co.uk,Male,Indonesia
728,Adella,Swanborrow,aswanborrowk7@stumbleupon.com,Polygender,Indonesia
729,Riki,Ibarra,ribarrak8@canalblog.com,Female,Indonesia
730,Barny,Hamill,bhamillk9@google.es,Male,Indonesia
731,Stavro,Oblein,sobleinka@telegraph.co.uk,Male,Indonesia
732,Mallorie,Fanstone,mfanstonekb@epa.gov,Female,Indonesia
733,Kerrie,Bidgod,kbidgodkc@themeforest.net,Female,Indonesia
734,Almira,Giacobillo,agiacobillokd@surveymonkey.com,Female,Indonesia
735,Hayes,Heindl,hheindlke@google.com.hk,Male,Indonesia
736,Alfi,Wolters,awolterskf@cam.ac.uk,Polygender,Indonesia
737,Thomas,Buckner,tbucknerkg@cloudflare.com,Male,Indonesia
738,Belicia,Tejero,btejerokh@gizmodo.com,Female,Indonesia
739,Elke,Berntsson,eberntssonki@vinaora.com,Female,Indonesia
740,Wendeline,McShane,wmcshanekj@friendfeed.com,Female,Indonesia
741,Felisha,Farnhill,ffarnhillkk@adobe.com,Female,Indonesia
742,Cristina,Noraway,cnorawaykl@nsw.gov.au,Non-binary,Indonesia
743,Miguelita,Dowdall,mdowdallkm@chron.com,Non-binary,Indonesia
744,Oneida,Nicklin,onicklinkn@ftc.gov,Female,Indonesia
745,Seline,Jones,sjonesko@4shared.com,Female,Indonesia
746,Sheela,Starkey,sstarkeykp@auda.org.au,Female,Indonesia
747,Artemas,Abriani,aabrianikq@illinois.edu,Male,Indonesia
748,Konstance,Ravilus,kraviluskr@berkeley.edu,Polygender,Indonesia
749,Elmer,Tylor,etylorks@geocities.jp,Male,Indonesia
750,Colan,Birt,cbirtkt@shop-pro.jp,Male,Indonesia
751,Oswell,Gresser,ogresserku@scientificamerican.com,Male,Indonesia
752,Annecorinne,Moreing,amoreingkv@google.de,Non-binary,Indonesia
753,Arlee,Mertsching,amertschingkw@gizmodo.com,Female,Indonesia
754,Cliff,Ambridge,cambridgekx@java.com,Male,Indonesia
755,Cordelie,Shakelady,cshakeladyky@mozilla.com,Female,Indonesia
756,Michele,Hawkshaw,mhawkshawkz@skype.com,Female,Indonesia
757,Tiphanie,Coase,tcoasel0@kickstarter.com,Female,Indonesia
758,Giulio,Tummons,gtummonsl1@dmoz.org,Male,Indonesia
759,Dagny,Ingley,dingleyl2@gov.uk,Male,Indonesia
760,Renee,Collcutt,rcollcuttl3@omniture.com,Female,Indonesia
761,Darrell,Rampling,dramplingl4@ft.com,Male,Indonesia
762,Hughie,Harcase,hharcasel5@redcross.org,Male,Indonesia
763,Torrie,Dessant,tdessantl6@howstuffworks.com,Female,Indonesia
764,Loralie,Warstall,lwarstalll7@mysql.com,Female,Indonesia
765,Nanete,D'Adda,ndaddal8@live.com,Female,Indonesia
766,Sheeree,Lester,slesterl9@oaic.gov.au,Female,Indonesia
767,Arlee,Holtaway,aholtawayla@macromedia.com,Female,Indonesia
768,Saidee,Brilleman,sbrillemanlb@seesaa.net,Female,Indonesia
769,Elisha,Chiene,echienelc@pcworld.com,Agender,Indonesia
770,Tess,Currom,tcurromld@jigsy.com,Female,Indonesia
771,Conroy,Giacopetti,cgiacopettile@purevolume.com,Male,Indonesia
772,Kassey,Matyugin,kmatyuginlf@washingtonpost.com,Female,Indonesia
773,Pepito,Walework,pwaleworklg@bbc.co.uk,Male,Indonesia
774,Jacobo,Basnall,jbasnalllh@macromedia.com,Male,Indonesia
775,Kele,Athersmith,kathersmithli@1688.com,Male,Indonesia
776,Schuyler,O'Reilly,soreillylj@utexas.edu,Genderqueer,Indonesia
777,Virginia,Greenshiels,vgreenshielslk@state.tx.us,Female,Indonesia
778,Dacey,Allin,dallinll@mapquest.com,Female,Indonesia
779,Gretal,Borlease,gborleaselm@nytimes.com,Female,Indonesia
780,Currie,Guihen,cguihenln@github.com,Male,Indonesia
781,Ingunna,Collibear,icollibearlo@etsy.com,Female,Indonesia
782,Tabbie,Dunkerly,tdunkerlylp@jigsy.com,Male,Indonesia
783,Walt,Grigoryov,wgrigoryovlq@hibu.com,Male,Indonesia
784,Stearne,Walenta,swalentalr@about.me,Male,Indonesia
785,Cathyleen,Cuthbert,ccuthbertls@delicious.com,Bigender,Indonesia
786,Farlay,Kares,fkareslt@yelp.com,Male,Indonesia
787,Raven,Grierson,rgriersonlu@hatena.ne.jp,Female,Indonesia
788,Clarke,Norvel,cnorvellv@msu.edu,Male,Indonesia
789,Quentin,Feldheim,qfeldheimlw@prlog.org,Genderfluid,Indonesia
790,Shanan,Calf,scalflx@shinystat.com,Male,Indonesia
791,Micki,Petschel,mpetschelly@msu.edu,Female,Indonesia
792,Yvette,Bissatt,ybissattlz@bizjournals.com,Female,Indonesia
793,Giavani,Dowzell,gdowzellm0@instagram.com,Male,Indonesia
794,Rosanne,Hanington,rhaningtonm1@blogs.com,Female,Indonesia
795,Isidore,Shovlin,ishovlinm2@ft.com,Male,Indonesia
796,Michel,Riddle,mriddlem3@clickbank.net,Male,Indonesia
797,Porter,Cheke,pchekem4@amazon.com,Agender,Indonesia
798,Joellyn,Haquard,jhaquardm5@msu.edu,Female,Indonesia
799,Parnell,Milburn,pmilburnm6@myspace.com,Male,Indonesia
800,Tommy,Bleas,tbleasm7@myspace.com,Male,Indonesia
801,Leonora,Copner,lcopnerm8@howstuffworks.com,Female,Indonesia
802,Rois,MacLleese,rmaclleesem9@meetup.com,Female,Indonesia
803,Cassandre,Demead,cdemeadma@amazon.com,Female,Indonesia
804,Berkly,Konig,bkonigmb@com.com,Male,Indonesia
805,Fredericka,Crummy,fcrummymc@sfgate.com,Female,Indonesia
806,Karyn,Chaters,kchatersmd@chron.com,Female,Indonesia
807,Leandra,Beddow,lbeddowme@blogs.com,Female,Indonesia
808,Denice,Jakubovicz,djakuboviczmf@nbcnews.com,Female,Indonesia
809,Manuel,Ferne,mfernemg@slate.com,Male,Indonesia
810,Madalyn,Roche,mrochemh@fastcompany.com,Genderqueer,Indonesia
811,Neill,Heaffey,nheaffeymi@i2i.jp,Male,Indonesia
812,Nikos,Studdal,nstuddalmj@bbc.co.uk,Agender,Indonesia
813,Lou,Sanchez,lsanchezmk@deliciousdays.com,Female,Indonesia
814,Francis,Facer,ffacerml@skyrock.com,Male,Indonesia
815,Zondra,Nolton,znoltonmm@woothemes.com,Bigender,Indonesia
816,Leontine,Defont,ldefontmn@nps.gov,Female,Indonesia
817,Cher,Breffitt,cbreffittmo@squidoo.com,Female,Indonesia
818,Joey,Geibel,jgeibelmp@issuu.com,Male,Indonesia
819,Osbert,Tilte,otiltemq@alibaba.com,Male,Indonesia
820,Arie,Raffeorty,araffeortymr@google.es,Male,Indonesia
821,Teddy,Skelding,tskeldingms@sogou.com,Female,Indonesia
822,Milty,Lindores,mlindoresmt@china.com.cn,Male,Indonesia
823,Terrie,Dureden,tduredenmu@networksolutions.com,Female,Indonesia
824,Libbie,Davie,ldaviemv@loc.gov,Female,Indonesia
825,Korrie,Partleton,kpartletonmw@army.mil,Female,Indonesia
826,Cristen,Gateman,cgatemanmx@homestead.com,Female,Indonesia
827,Jilleen,Mulvany,jmulvanymy@amazonaws.com,Female,Indonesia
828,Arabel,Collcott,acollcottmz@clickbank.net,Female,Indonesia
829,Esra,Bissett,ebissettn0@mail.ru,Male,Indonesia
830,Gale,Clapham,gclaphamn1@theglobeandmail.com,Male,Indonesia
831,Ardith,Readett,areadettn2@fotki.com,Female,Indonesia
832,Goldy,Shears,gshearsn3@linkedin.com,Female,Indonesia
833,Jaye,Kirby,jkirbyn4@fema.gov,Male,Indonesia
834,Jo,Spradbery,jspradberyn5@list-manage.com,Female,Indonesia
835,Lorene,Fairpo,lfairpon6@princeton.edu,Female,Indonesia
836,Eleonore,Lettington,elettingtonn7@pen.io,Female,Indonesia
837,Abeu,Scrigmour,ascrigmourn8@jalbum.net,Male,Indonesia
838,Clarice,Hadwin,chadwinn9@howstuffworks.com,Female,Indonesia
839,Susi,Bracco,sbraccona@live.com,Female,Indonesia
840,Demeter,Aymeric,daymericnb@engadget.com,Female,Indonesia
841,Myles,Cranstoun,mcranstounnc@joomla.org,Male,Indonesia
842,Lorens,Keir,lkeirnd@last.fm,Male,Indonesia
843,Marissa,Paulon,mpaulonne@rediff.com,Female,Indonesia
844,Siobhan,De Normanville,sdenormanvillenf@cafepress.com,Female,Indonesia
845,Agnola,Webburn,awebburnng@myspace.com,Female,Indonesia
846,Darda,Appleford,dapplefordnh@creativecommons.org,Female,Indonesia
847,Vernice,Gallyhaock,vgallyhaockni@patch.com,Female,Indonesia
848,Quint,Von Hindenburg,qvonhindenburgnj@hubpages.com,Male,Indonesia
849,Lamont,Fairbrace,lfairbracenk@google.nl,Male,Indonesia
850,Cheryl,Cambell,ccambellnl@cdc.gov,Female,Indonesia
851,Baxter,McDonough,bmcdonoughnm@edublogs.org,Male,Indonesia
852,Munroe,Tramel,mtramelnn@unesco.org,Male,Indonesia
853,Edee,Kimpton,ekimptonno@latimes.com,Female,Indonesia
854,Kale,Mullenger,kmullengernp@wunderground.com,Male,Indonesia
855,Care,Hansberry,chansberrynq@jiathis.com,Male,Indonesia
856,Tedmund,Berr,tberrnr@hc360.com,Male,Indonesia
857,Tomlin,Fildes,tfildesns@utexas.edu,Male,Indonesia
858,Carce,Fraczek,cfraczeknt@psu.edu,Male,Indonesia
859,Jessalin,Arnald,jarnaldnu@indiegogo.com,Female,Indonesia
860,Hatti,Hurdwell,hhurdwellnv@naver.com,Female,Indonesia
861,Vinny,Timmens,vtimmensnw@toplist.cz,Male,Indonesia
862,Alvan,Sherwood,asherwoodnx@gnu.org,Male,Indonesia
863,Yorke,Schohier,yschohierny@noaa.gov,Male,Indonesia
864,Joaquin,Pragnall,jpragnallnz@bravesites.com,Male,Indonesia
865,Miguel,Monnelly,mmonnellyo0@t-online.de,Male,Indonesia
866,Dena,Cranton,dcrantono1@discovery.com,Female,Indonesia
867,Sherie,Gleder,sgledero2@devhub.com,Bigender,Indonesia
868,Cindie,Janiszewski,cjaniszewskio3@bing.com,Female,Indonesia
869,Rosina,Raper,rrapero4@blog.com,Female,Indonesia
870,Stern,Matyatin,smatyatino5@webeden.co.uk,Male,Indonesia
871,Ron,Shovelton,rshoveltono6@mozilla.org,Male,Indonesia
872,Thebault,Sains,tsainso7@dropbox.com,Male,Indonesia
873,Shannon,Bramall,sbramallo8@microsoft.com,Female,Indonesia
874,Car,Klausewitz,cklausewitzo9@1688.com,Male,Indonesia
875,Desdemona,Loukes,dloukesoa@google.com.au,Female,Indonesia
876,Denny,Batterton,dbattertonob@prlog.org,Female,Indonesia
877,Zsazsa,Mc Menamin,zmcmenaminoc@marriott.com,Female,Indonesia
878,Carolus,Goudge,cgoudgeod@ustream.tv,Male,Indonesia
879,Ilka,Kenwell,ikenwelloe@hud.gov,Female,Indonesia
880,Taddeo,Perell,tperellof@msn.com,Male,Indonesia
881,Whitaker,Cropp,wcroppog@artisteer.com,Male,Indonesia
882,Tomkin,Keirle,tkeirleoh@wix.com,Polygender,Indonesia
883,Bamby,Brandham,bbrandhamoi@stanford.edu,Female,Indonesia
884,Rebbecca,O' Hern,rohernoj@reuters.com,Genderqueer,Indonesia
885,Meagan,Daen,mdaenok@sakura.ne.jp,Female,Indonesia
886,Ladonna,Roder,lroderol@upenn.edu,Female,Indonesia
887,Roxy,Reoch,rreochom@mysql.com,Female,Indonesia
888,Kearney,Rubertis,krubertison@paypal.com,Male,Indonesia
889,Iago,Brigman,ibrigmanoo@posterous.com,Male,Indonesia
890,Amity,Dymock,adymockop@ow.ly,Female,Indonesia
891,Charline,Chesterfield,cchesterfieldoq@huffingtonpost.com,Genderfluid,Indonesia
892,Cad,Adami,cadamior@odnoklassniki.ru,Genderqueer,Indonesia
893,Gavin,Hallsworth,ghallsworthos@businessinsider.com,Male,Indonesia
894,Mikel,Stovold,mstovoldot@uol.com.br,Male,Indonesia
895,Glennie,O'Shirine,goshirineou@sun.com,Female,Indonesia
896,Chad,Bate,cbateov@pbs.org,Female,Indonesia
897,Gordy,MacElane,gmacelaneow@princeton.edu,Male,Indonesia
898,Cayla,Mowle,cmowleox@ucoz.ru,Female,Indonesia
899,Mariel,Costy,mcostyoy@woothemes.com,Female,Indonesia
900,Trent,Flannigan,tflanniganoz@jalbum.net,Male,Indonesia
901,Lucita,Branchet,lbranchetp0@shutterfly.com,Female,Indonesia
902,Erastus,Walkden,ewalkdenp1@163.com,Male,Indonesia
903,Fredrick,Gottschalk,fgottschalkp2@booking.com,Male,Indonesia
904,Ophelia,Carville,ocarvillep3@symantec.com,Female,Indonesia
905,Kari,Romei,kromeip4@myspace.com,Female,Indonesia
906,Natty,Gelletly,ngelletlyp5@sina.com.cn,Male,Indonesia
907,Desi,Potticary,dpotticaryp6@ycombinator.com,Male,Indonesia
908,Wilek,Tunmore,wtunmorep7@theglobeandmail.com,Male,Indonesia
909,Alexine,Vasyunkin,avasyunkinp8@spiegel.de,Female,Indonesia
910,Derk,Ben,dbenp9@spotify.com,Male,Indonesia
911,Ellswerth,Elington,eelingtonpa@unblog.fr,Male,Indonesia
912,Magdalene,Novotne,mnovotnepb@sogou.com,Female,Indonesia
913,Bette,Tapley,btapleypc@w3.org,Female,Indonesia
914,Molly,Makepeace,mmakepeacepd@acquirethisname.com,Female,Indonesia
915,Avivah,Reeman,areemanpe@gravatar.com,Female,Indonesia
916,Sunshine,Stetlye,sstetlyepf@shinystat.com,Genderfluid,Indonesia
917,Lisbeth,Enderlein,lenderleinpg@theglobeandmail.com,Agender,Indonesia
918,Salem,Du Fray,sdufrayph@sun.com,Male,Indonesia
919,Moe,Guile,mguilepi@timesonline.co.uk,Male,Indonesia
920,Wilburt,Latek,wlatekpj@amazon.co.uk,Male,Indonesia
921,Kenneth,Cornil,kcornilpk@wp.com,Male,Indonesia
922,Warde,Bratten,wbrattenpl@google.com,Male,Indonesia
923,Edvard,Boatwright,eboatwrightpm@163.com,Male,Indonesia
924,Johnathon,Penburton,jpenburtonpn@netlog.com,Male,Indonesia
925,Leta,Berling,lberlingpo@theglobeandmail.com,Female,Indonesia
926,Devin,Archbell,darchbellpp@prnewswire.com,Female,Indonesia
927,Dudley,Herkess,dherkesspq@hugedomains.com,Male,Indonesia
928,Amelina,Grigoletti,agrigolettipr@fc2.com,Female,Indonesia
929,Dari,Ransley,dransleyps@auda.org.au,Non-binary,Indonesia
930,Ramona,Audritt,raudrittpt@msn.com,Female,Indonesia
931,Harmonie,Fisby,hfisbypu@springer.com,Female,Indonesia
932,Cloe,Jaycock,cjaycockpv@acquirethisname.com,Female,Indonesia
933,Melisenda,Dark,mdarkpw@ca.gov,Female,Indonesia
934,Adolpho,Sterman,astermanpx@nytimes.com,Male,Indonesia
935,Patric,Hartly,phartlypy@instagram.com,Male,Indonesia
936,Jolie,Pittle,jpittlepz@wunderground.com,Female,Indonesia
937,Conchita,Defont,cdefontq0@shop-pro.jp,Female,Indonesia
938,Danell,Ormiston,dormistonq1@4shared.com,Female,Indonesia
939,Shelby,Rugieri,srugieriq2@symantec.com,Female,Indonesia
940,Inigo,Custance,icustanceq3@baidu.com,Male,Indonesia
941,Andra,Allerton,aallertonq4@chronoengine.com,Female,Indonesia
942,Chrotoem,Rakestraw,crakestrawq5@istockphoto.com,Male,Indonesia
943,Christoper,Hammand,chammandq6@devhub.com,Male,Indonesia
944,Sigismondo,Lindley,slindleyq7@biglobe.ne.jp,Male,Indonesia
945,Leighton,Parham,lparhamq8@bandcamp.com,Male,Indonesia
946,Barnabas,Parncutt,bparncuttq9@fda.gov,Male,Indonesia
947,Claudius,Gowdie,cgowdieqa@fema.gov,Male,Indonesia
948,Abbey,MacAnellye,amacanellyeqb@ameblo.jp,Female,Indonesia
949,Gale,Biggerdike,gbiggerdikeqc@ihg.com,Female,Indonesia
950,Augie,Pouton,apoutonqd@github.io,Male,Indonesia
951,Margi,Lintill,mlintillqe@google.com.au,Female,Indonesia
952,Travis,Fleote,tfleoteqf@jigsy.com,Male,Indonesia
953,Ermina,Bleas,ebleasqg@cnbc.com,Female,Indonesia
954,Joachim,Abramowitz,jabramowitzqh@liveinternet.ru,Male,Indonesia
955,Berkeley,Naton,bnatonqi@instagram.com,Non-binary,Indonesia
956,Cornelle,Simkin,csimkinqj@craigslist.org,Genderqueer,Indonesia
957,Thomasin,Mustchin,tmustchinqk@va.gov,Genderqueer,Indonesia
958,Danit,Britian,dbritianql@desdev.cn,Female,Indonesia
959,Scarface,Le Guin,sleguinqm@delicious.com,Male,Indonesia
960,Conrad,Rittmeyer,crittmeyerqn@foxnews.com,Male,Indonesia
961,Johnna,Yarmouth,jyarmouthqo@de.vu,Female,Indonesia
962,Darnell,Tynemouth,dtynemouthqp@sina.com.cn,Male,Indonesia
963,Rees,Forestall,rforestallqq@usa.gov,Male,Indonesia
964,Marcus,Turfs,mturfsqr@friendfeed.com,Male,Indonesia
965,Laverna,Rothchild,lrothchildqs@toplist.cz,Female,Indonesia
966,Ruthann,Reckus,rreckusqt@who.int,Female,Indonesia
967,Had,Rycraft,hrycraftqu@acquirethisname.com,Male,Indonesia
968,Elle,Grew,egrewqv@virginia.edu,Female,Indonesia
969,Abba,Bastin,abastinqw@europa.eu,Male,Indonesia
970,Charissa,Landall,clandallqx@adobe.com,Non-binary,Indonesia
971,Holli,Coult,hcoultqy@gmpg.org,Female,Indonesia
972,Dukie,Axcell,daxcellqz@stanford.edu,Male,Indonesia
973,Chaim,Linnard,clinnardr0@goo.gl,Genderfluid,Indonesia
974,Casie,Matis,cmatisr1@spiegel.de,Female,Indonesia
975,Milka,Hardwin,mhardwinr2@dell.com,Female,Indonesia
976,Morgen,Pigney,mpigneyr3@smh.com.au,Male,Indonesia
977,Jayme,Everil,jeverilr4@narod.ru,Genderqueer,Indonesia
978,Hally,Blader,hbladerr5@illinois.edu,Female,Indonesia
979,Noland,Alpin,nalpinr6@ezinearticles.com,Genderfluid,Indonesia
980,Margalo,Helstrom,mhelstromr7@harvard.edu,Female,Indonesia
981,Glen,McPeice,gmcpeicer8@flavors.me,Male,Indonesia
982,Sinclair,Airey,saireyr9@unblog.fr,Male,Indonesia
983,Greg,Queste,gquestera@yellowpages.com,Male,Indonesia
984,Yolande,Whellams,ywhellamsrb@thetimes.co.uk,Female,Indonesia
985,Henrietta,Parnell,hparnellrc@loc.gov,Female,Indonesia
986,Dollie,Richardes,drichardesrd@icio.us,Female,Indonesia
987,Amelie,Conkay,aconkayre@alexa.com,Female,Indonesia
988,Frederick,Chese,fcheserf@tumblr.com,Male,Indonesia
989,Dorree,Boness,dbonessrg@dailymail.co.uk,Female,Indonesia
990,Darius,Brangan,dbranganrh@slashdot.org,Male,Indonesia
991,Donny,Goford,dgofordri@surveymonkey.com,Agender,Indonesia
992,Terrijo,Overall,toverallrj@nymag.com,Female,Indonesia
993,Richy,Sorton,rsortonrk@google.ca,Male,Indonesia
994,Johanna,Buckthought,jbuckthoughtrl@arizona.edu,Female,Indonesia
995,Romy,Iacovuzzi,riacovuzzirm@skype.com,Female,Indonesia
996,Adrian,Boulstridge,aboulstridgern@comsenz.com,Female,Indonesia
997,Palm,Lindores,plindoresro@nationalgeographic.com,Genderqueer,Indonesia
998,Madlin,Naper,mnaperrp@biblegateway.com,Female,Indonesia
999,Reuven,Cowhig,rcowhigrq@salon.com,Male,Indonesia
1000,Rogerio,O'Hern,rohernrr@istockphoto.com,Male,Indonesia
