1,Morley De Hooge,mde0@usgs.gov,Male,Research Associate,Macedonia
2,Clarie Lanney,clanney1@europa.eu,Non-binary,Senior Financial Analyst,Croatia
3,Christabella Brimmell,cbrimmell2@tinyurl.com,Agender,Quality Control Specialist,United States
4,Elvis Townson,etownson3@facebook.com,Male,Financial Advisor,Belarus
5,Star Carress,scarress4@omniture.com,Female,Registered Nurse,Azerbaijan
6,Nevin Hurleston,nhurleston5@uiuc.edu,Male,Geologist IV,China
7,Maddy Ickovic,mickovic6@msn.com,Male,Research Nurse,Mexico
8,Burgess Hehir,bhehir7@gnu.org,Male,Clinical Specialist,Czech Republic
9,Eldredge Deeny,edeeny8@xinhuanet.com,Male,Occupational Therapist,China
10,De witt Rennebach,dwitt9@yelp.com,Male,Systems Administrator III,Argentina
11,Nicky Burris,nburrisa@forbes.com,Bigender,Desktop Support Technician,Moldova
12,Neysa Wille,nwilleb@123-reg.co.uk,Female,Chemical Engineer,Honduras
13,Kittie Ohlsen,kohlsenc@furl.net,Female,Compensation Analyst,Yemen
14,Bob Myderscough,bmyderscoughd@photobucket.com,Male,Nurse Practicioner,Japan
15,Ettore Joost,ejooste@google.nl,Male,Statistician II,Indonesia
16,Gerda Barrar,gbarrarf@google.com.br,Female,Director of Sales,Honduras
17,Lonnard Withers,lwithersg@google.com.au,Male,Physical Therapy Assistant,Sweden
18,Lorin Noulton,lnoultonh@hhs.gov,Male,Safety Technician I,China
19,Riordan Kneeshaw,rkneeshawi@sfgate.com,Male,Clinical Specialist,China
20,Frederique Gosden,fgosdenj@intel.com,Female,Professor,Russia
21,Bonni Heinzler,bheinzlerk@free.fr,Female,Financial Analyst,Philippines
22,Free Challener,fchallenerl@woothemes.com,Male,Senior Cost Accountant,China
23,Neron Deverille,ndeverillem@salon.com,Male,Marketing Manager,Russia
24,Cy Muirhead,cmuirheadn@webs.com,Male,Pharmacist,Kazakhstan
25,Prissie Dougan,pdougano@yelp.com,Female,Operator,Japan
26,Samaria Tresvina,stresvinap@github.io,Female,Recruiting Manager,Mexico
27,Evie Vamplew,evamplewq@ask.com,Female,Senior Sales Associate,Cuba
28,Welsh Merrifield,wmerrifieldr@xing.com,Male,Structural Engineer,Martinique
29,Charin Burbudge,cburbudges@timesonline.co.uk,Female,Senior Cost Accountant,Portugal
30,Bartlet Scottini,bscottinit@bizjournals.com,Male,Administrative Assistant I,China
31,Dulcine Couth,dcouthu@oaic.gov.au,Non-binary,Director of Sales,Indonesia
32,Matthew Sarrell,msarrellv@ebay.co.uk,Male,Compensation Analyst,Philippines
33,Hadley Gatus,hgatusw@bloglovin.com,Male,Graphic Designer,China
34,Doreen Turbern,dturbernx@a8.net,Female,Account Coordinator,Indonesia
35,Herschel Neary,hnearyy@mapy.cz,Male,Senior Cost Accountant,China
36,Vic Wilgar,vwilgarz@goo.gl,Male,VP Accounting,Portugal
37,Charles Carlisso,ccarlisso10@nymag.com,Male,Cost Accountant,China
38,Natalina Babcock,nbabcock11@yolasite.com,Genderqueer,VP Accounting,United Arab Emirates
39,Tait Proudler,tproudler12@aol.com,Male,Desktop Support Technician,Philippines
40,Lidia Acory,lacory13@networksolutions.com,Female,Physical Therapy Assistant,Indonesia
41,Mar Keson,mkeson14@cnbc.com,Male,Recruiter,Bosnia and Herzegovina
42,Sal Danielot,sdanielot15@twitter.com,Female,Occupational Therapist,China
43,Ned Aitken,naitken16@umn.edu,Male,Analog Circuit Design manager,Vietnam
44,Thibaut de'-Ancy Willis,tdeancy17@gravatar.com,Male,Tax Accountant,Costa Rica
45,Karalee Drinnan,kdrinnan18@nytimes.com,Female,Assistant Media Planner,Portugal
46,Hendrik Jameson,hjameson19@slideshare.net,Male,Structural Analysis Engineer,China
47,Lin Pegrum,lpegrum1a@nytimes.com,Male,Junior Executive,Argentina
48,Chrissy Crickmer,ccrickmer1b@theguardian.com,Male,Mechanical Systems Engineer,China
49,Mirabelle Beagan,mbeagan1c@ibm.com,Female,Analog Circuit Design manager,Indonesia
50,Felike Sedworth,fsedworth1d@hugedomains.com,Male,Web Developer IV,Philippines
51,Lawry Swadon,lswadon1e@comcast.net,Male,Director of Sales,Indonesia
52,Garrot Rugiero,grugiero1f@jimdo.com,Male,Environmental Tech,Mexico
53,Karoly Faithfull,kfaithfull1g@vkontakte.ru,Male,Clinical Specialist,United States
54,Renault Meates,rmeates1h@wiley.com,Male,Community Outreach Specialist,Indonesia
55,Jayson Fattori,jfattori1i@goo.gl,Male,Statistician II,American Samoa
56,Ricky Darton,rdarton1j@fda.gov,Female,Help Desk Technician,Tanzania
57,Dee Westell,dwestell1k@slashdot.org,Female,Database Administrator II,Poland
58,Gerrie Chue,gchue1l@cornell.edu,Female,Marketing Manager,China
59,Ingmar Meffen,imeffen1m@phpbb.com,Agender,Safety Technician II,China
60,Allyce Beevers,abeevers1n@census.gov,Female,Internal Auditor,Cameroon
61,Stesha Origan,sorigan1o@seesaa.net,Genderqueer,Clinical Specialist,Peru
62,Amalle Camus,acamus1p@washingtonpost.com,Polygender,Nurse Practicioner,China
63,Midge Moysey,mmoysey1q@usda.gov,Female,Compensation Analyst,Portugal
64,Odette McGuirk,omcguirk1r@ustream.tv,Female,Nuclear Power Engineer,France
65,Lennie Innes,linnes1s@google.ru,Male,Data Coordinator,Russia
66,Row Roelvink,rroelvink1t@drupal.org,Female,Payment Adjustment Coordinator,China
67,Milli Debrett,mdebrett1u@angelfire.com,Agender,Librarian,Peru
68,Courtnay Nitto,cnitto1v@behance.net,Female,Account Representative I,Indonesia
69,Jackelyn Troy,jtroy1w@springer.com,Female,Paralegal,France
70,Alisha Calver,acalver1x@economist.com,Female,Recruiter,Venezuela
71,Genvieve Jirasek,gjirasek1y@nhs.uk,Female,Computer Systems Analyst II,Indonesia
72,Marillin Spencer,mspencer1z@nytimes.com,Female,Business Systems Development Analyst,Portugal
73,Ilsa Potbury,ipotbury20@cyberchimps.com,Bigender,Assistant Manager,Poland
74,Donny Eyres,deyres21@histats.com,Male,Data Coordinator,Maldives
75,Nicholas Yankov,nyankov22@xing.com,Male,Assistant Professor,China
76,Mikkel Allner,mallner23@youtu.be,Polygender,Internal Auditor,China
77,Domenic Louder,dlouder24@sciencedaily.com,Non-binary,Legal Assistant,Indonesia
78,Antonino Steenson,asteenson25@bbb.org,Male,Safety Technician III,Malaysia
79,Petrina Ruselin,pruselin26@vkontakte.ru,Female,Environmental Tech,China
80,Madelaine Dixcee,mdixcee27@domainmarket.com,Female,VP Product Management,Brazil
81,Tann Treagus,ttreagus28@php.net,Male,VP Sales,Vietnam
82,Valenka Finby,vfinby29@theglobeandmail.com,Female,Editor,Brazil
83,Prisca Sunman,psunman2a@google.com.au,Female,Civil Engineer,Dominican Republic
84,Goddard McLenahan,gmclenahan2b@etsy.com,Male,Assistant Manager,Thailand
85,Nicki Fahey,nfahey2c@marriott.com,Female,Staff Scientist,Palestinian Territory
86,Gottfried Brannigan,gbrannigan2d@ocn.ne.jp,Male,Librarian,Mali
87,Ardys Peckitt,apeckitt2e@wufoo.com,Female,Research Associate,Germany
88,Vincent Khoter,vkhoter2f@narod.ru,Male,Accountant III,Indonesia
89,Robinet Barbara,rbarbara2g@etsy.com,Female,Internal Auditor,China
90,Benjamin Janes,bjanes2h@google.pl,Male,Marketing Assistant,Argentina
91,Erskine Sancto,esancto2i@devhub.com,Male,Senior Cost Accountant,Turkmenistan
92,Estella Bigglestone,ebigglestone2j@cornell.edu,Female,Human Resources Assistant IV,Philippines
93,Michail Stanwix,mstanwix2k@netlog.com,Male,Speech Pathologist,Ukraine
94,Sasha Sabbin,ssabbin2l@businessinsider.com,Male,GIS Technical Architect,China
95,Jody Walisiak,jwalisiak2m@walmart.com,Female,Teacher,Indonesia
96,Kliment Brunelli,kbrunelli2n@wordpress.org,Male,Developer IV,Hungary
97,Gasparo Bygreaves,gbygreaves2o@tripod.com,Male,Assistant Media Planner,Poland
98,Liana Blunderfield,lblunderfield2p@foxnews.com,Female,Professor,Taiwan
99,Sydel Redish,sredish2q@pen.io,Female,Tax Accountant,Sweden
100,Arnoldo Grimshaw,agrimshaw2r@sourceforge.net,Male,Junior Executive,Philippines
101,Arie Dwire,adwire2s@buzzfeed.com,Male,Safety Technician IV,Greece
102,Deane Gaiter,dgaiter2t@hexun.com,Male,Quality Control Specialist,China
103,Michaeline Arzu,marzu2u@topsy.com,Female,Director of Sales,Russia
104,Kiley Sill,ksill2v@unblog.fr,Female,Staff Accountant III,Macedonia
105,Stevy Othick,sothick2w@nyu.edu,Male,Civil Engineer,China
106,Uriah Grigolashvill,ugrigolashvill2x@psu.edu,Male,Computer Systems Analyst II,United States
107,Torrence Barter,tbarter2y@example.com,Male,Social Worker,Mexico
108,Karrie Hains,khains2z@imageshack.us,Female,Clinical Specialist,Lesotho
109,Felicia Refford,frefford30@squidoo.com,Female,Staff Accountant II,Mexico
110,Fernande Biddwell,fbiddwell31@taobao.com,Female,Design Engineer,France
111,Maritsa Charer,mcharer32@blinklist.com,Female,Social Worker,Philippines
112,Wilfred Croshaw,wcroshaw33@theglobeandmail.com,Genderqueer,Web Developer III,Russia
113,Vick Wigg,vwigg34@dmoz.org,Male,Financial Advisor,Indonesia
114,Elane Torrecilla,etorrecilla35@homestead.com,Female,Product Engineer,Latvia
115,Bobbette Lugton,blugton36@biblegateway.com,Female,Tax Accountant,Brazil
116,Nessi Perrington,nperrington37@google.es,Female,Nurse,Belarus
117,Leeanne Ainge,lainge38@biglobe.ne.jp,Female,Media Manager I,Indonesia
118,Alexi Grund,agrund39@com.com,Female,Help Desk Operator,Poland
119,Thelma Picopp,tpicopp3a@csmonitor.com,Female,VP Sales,Philippines
120,Seth Lunt,slunt3b@reference.com,Male,VP Quality Control,Netherlands
121,Christos Lensch,clensch3c@fastcompany.com,Male,Programmer Analyst IV,Indonesia
122,Isidoro Edmed,iedmed3d@edublogs.org,Male,Developer IV,Argentina
123,Aldus Coode,acoode3e@vinaora.com,Male,VP Quality Control,Sweden
124,Viva Cancellor,vcancellor3f@symantec.com,Polygender,Food Chemist,Morocco
125,Emelen Balloch,eballoch3g@goo.gl,Male,Social Worker,Slovenia
126,Ashley Creedland,acreedland3h@spotify.com,Male,Community Outreach Specialist,China
127,Rubie Tremellan,rtremellan3i@msu.edu,Female,Dental Hygienist,Sweden
128,Marve Fargie,mfargie3j@surveymonkey.com,Male,Office Assistant III,Philippines
129,Neils Farmery,nfarmery3k@ftc.gov,Male,Quality Engineer,China
130,Avrom Betteney,abetteney3l@wix.com,Male,Librarian,Lithuania
131,Lora Abramovicz,labramovicz3m@dagondesign.com,Female,Speech Pathologist,Philippines
132,Rosita Hearons,rhearons3n@webeden.co.uk,Female,VP Marketing,Colombia
133,Booth Scarlon,bscarlon3o@census.gov,Bigender,Automation Specialist II,China
134,Merrily Pull,mpull3p@lulu.com,Female,Accountant II,Indonesia
135,Giff Limbourne,glimbourne3q@aol.com,Male,Desktop Support Technician,Russia
136,Oberon Boas,oboas3r@apple.com,Male,Automation Specialist III,Russia
137,Asia Ianson,aianson3s@meetup.com,Female,Mechanical Systems Engineer,Somalia
138,Jourdan Abraham,jabraham3t@jalbum.net,Female,Paralegal,Mayotte
139,Vilma Coatts,vcoatts3u@artisteer.com,Female,VP Marketing,Czech Republic
140,Joel McBay,jmcbay3v@php.net,Male,Chemical Engineer,Thailand
141,Cami Dionis,cdionis3w@usatoday.com,Female,Desktop Support Technician,Colombia
142,Pete Sanbrook,psanbrook3x@pagesperso-orange.fr,Male,Account Coordinator,China
143,Filide Firminger,ffirminger3y@jugem.jp,Female,Environmental Specialist,China
144,Kissee Frossell,kfrossell3z@ucoz.ru,Female,Project Manager,Armenia
145,Homer Lowthian,hlowthian40@ebay.com,Male,Research Associate,China
146,Denny Mimmack,dmimmack41@businessweek.com,Female,Food Chemist,Poland
147,Nita Sugden,nsugden42@booking.com,Female,Compensation Analyst,Poland
148,Omero Ebben,oebben43@mac.com,Male,Professor,Saudi Arabia
149,Delmore Capaldo,dcapaldo44@wordpress.com,Male,Senior Quality Engineer,Czech Republic
150,Ronda Cotilard,rcotilard45@soundcloud.com,Female,Operator,France
151,Sawyer Tinwell,stinwell46@army.mil,Male,Developer II,Philippines
152,Frieda Ciementini,fciementini47@microsoft.com,Female,Assistant Media Planner,Czech Republic
153,Zeb Dummer,zdummer48@nytimes.com,Male,Administrative Assistant IV,Brazil
154,Ruthy Joron,rjoron49@deviantart.com,Agender,Software Test Engineer II,Philippines
155,Van Chatburn,vchatburn4a@zdnet.com,Male,Librarian,Ukraine
156,Gerek Saunier,gsaunier4b@accuweather.com,Male,Associate Professor,China
157,Raf Nelmes,rnelmes4c@tripadvisor.com,Female,Structural Analysis Engineer,Norway
158,Lexi McLukie,lmclukie4d@stumbleupon.com,Female,Senior Developer,Indonesia
159,Rhodia Christofol,rchristofol4e@mayoclinic.com,Female,Assistant Media Planner,Indonesia
160,Horace Takos,htakos4f@gizmodo.com,Polygender,Staff Scientist,Syria
161,Beatriz Sinncock,bsinncock4g@furl.net,Non-binary,Speech Pathologist,China
162,Rochette Fitzsymon,rfitzsymon4h@altervista.org,Genderqueer,Statistician III,Poland
163,Dion Wellstead,dwellstead4i@go.com,Male,Social Worker,Malaysia
164,Bryn Poge,bpoge4j@51.la,Male,Analyst Programmer,Iran
165,Marissa Driuzzi,mdriuzzi4k@uol.com.br,Female,Geologist IV,Bangladesh
166,Lissy Humpage,lhumpage4l@google.nl,Female,Environmental Tech,Macedonia
167,Giovanni Coat,gcoat4m@utexas.edu,Male,Chemical Engineer,Albania
168,Trina Deegin,tdeegin4n@pen.io,Female,VP Accounting,Indonesia
169,Wyatan Hingeley,whingeley4o@com.com,Male,Food Chemist,Venezuela
170,Paquito Bushnell,pbushnell4p@answers.com,Male,Accountant II,Afghanistan
171,Calley Creber,ccreber4q@answers.com,Female,Media Manager I,Palestinian Territory
172,Jenni Yakushkin,jyakushkin4r@chicagotribune.com,Female,Executive Secretary,Slovenia
173,Alyda Gussie,agussie4s@mozilla.com,Female,Staff Accountant IV,Greece
174,Gaelan Raith,graith4t@oakley.com,Male,Programmer Analyst IV,Ireland
175,Ruttger Berger,rberger4u@elegantthemes.com,Male,Food Chemist,Burundi
176,Francois Lyst,flyst4v@netscape.com,Male,Research Nurse,Poland
177,Ingaberg Bowser,ibowser4w@webnode.com,Female,Staff Accountant I,China
178,Edi Casey,ecasey4x@sakura.ne.jp,Agender,Desktop Support Technician,China
179,Rosene Oglevie,roglevie4y@businessweek.com,Female,Programmer Analyst I,Portugal
180,Brynne Marques,bmarques4z@istockphoto.com,Polygender,Clinical Specialist,Poland
181,Dalila Steptow,dsteptow50@usda.gov,Female,Civil Engineer,Indonesia
182,Billie Holdron,bholdron51@unicef.org,Female,Systems Administrator II,Jordan
183,Jacky Bramley,jbramley52@sbwire.com,Female,VP Product Management,Ireland
184,Ashleigh Pre,apre53@archive.org,Female,Electrical Engineer,China
185,Budd Houlahan,bhoulahan54@squarespace.com,Male,Junior Executive,Argentina
186,Cathleen Juniper,cjuniper55@state.gov,Female,VP Marketing,China
187,Patience Gusney,pgusney56@dell.com,Female,Quality Control Specialist,Indonesia
188,Ignacio Robjant,irobjant57@utexas.edu,Male,Compensation Analyst,Uganda
189,Gussi Hatliff,ghatliff58@vistaprint.com,Female,Research Associate,Libya
190,Jimmy Hammer,jhammer59@smugmug.com,Male,Geologist I,Austria
191,Hyatt Filipputti,hfilipputti5a@google.nl,Male,Tax Accountant,Russia
192,Bambi Minors,bminors5b@ifeng.com,Female,Project Manager,Peru
193,Constantin Espinay,cespinay5c@samsung.com,Male,VP Marketing,Canada
194,Angel Beach,abeach5d@blinklist.com,Male,Human Resources Manager,Philippines
195,Victoria Tarte,vtarte5e@seattletimes.com,Female,Director of Sales,Poland
196,Lissy Whittet,lwhittet5f@ovh.net,Polygender,Database Administrator I,Venezuela
197,Donn Doran,ddoran5g@forbes.com,Male,Help Desk Technician,Zimbabwe
198,Shermie Island,sisland5h@cdc.gov,Male,Systems Administrator II,Sweden
199,Freddy Ashment,fashment5i@storify.com,Female,Senior Financial Analyst,China
200,Audrey Fysh,afysh5j@home.pl,Female,Programmer Analyst II,Sweden
201,Erich Dwyer,edwyer5k@geocities.jp,Male,Desktop Support Technician,Russia
202,Langsdon Hazlehurst,lhazlehurst5l@icq.com,Male,Senior Developer,Russia
203,Ellis Mersey,emersey5m@prlog.org,Male,Senior Editor,Belarus
204,Harcourt Obell,hobell5n@slate.com,Male,Financial Analyst,United States
205,Micah Dinning,mdinning5o@cafepress.com,Male,Staff Accountant I,United States
206,Kerr Izkoveski,kizkoveski5p@nationalgeographic.com,Polygender,Environmental Tech,Indonesia
207,Obediah Flahy,oflahy5q@ucoz.com,Male,Speech Pathologist,Brazil
208,Adolph Roddam,aroddam5r@unc.edu,Male,Human Resources Manager,China
209,Hamish Tranfield,htranfield5s@naver.com,Male,Structural Analysis Engineer,Indonesia
210,Jobi Pocklington,jpocklington5t@abc.net.au,Female,Computer Systems Analyst IV,China
211,Else Mackness,emackness5u@bravesites.com,Female,VP Marketing,Indonesia
212,Ralf Esome,resome5v@pen.io,Male,Pharmacist,China
213,Doris Mumm,dmumm5w@example.com,Female,Community Outreach Specialist,Brazil
214,Elyssa Stranieri,estranieri5x@mysql.com,Female,Structural Analysis Engineer,China
215,Imogene McCallister,imccallister5y@creativecommons.org,Female,Database Administrator II,Ukraine
216,Nikolos Duffus,nduffus5z@springer.com,Male,Safety Technician II,Djibouti
217,Fedora Oherlihy,foherlihy60@wisc.edu,Female,Community Outreach Specialist,Greece
218,Katy Coldrick,kcoldrick61@cargocollective.com,Female,Senior Editor,China
219,Gerry Crafter,gcrafter62@constantcontact.com,Male,Quality Control Specialist,United States
220,Morly Bebbington,mbebbington63@baidu.com,Male,Payment Adjustment Coordinator,Niger
221,Lionello Barkly,lbarkly64@dion.ne.jp,Male,Research Associate,Philippines
222,Hy Wilprecht,hwilprecht65@wikimedia.org,Male,Senior Editor,Thailand
223,Morly Syplus,msyplus66@nsw.gov.au,Male,Geologist II,China
224,Gabbey Rhyme,grhyme67@slideshare.net,Female,Research Associate,Canada
225,Quinn Hesser,qhesser68@fc2.com,Genderfluid,Biostatistician I,Russia
226,Nan Ashton,nashton69@spiegel.de,Female,Tax Accountant,Kazakhstan
227,Mala Beckinsall,mbeckinsall6a@microsoft.com,Female,Media Manager I,Ukraine
228,Mandi Laugherane,mlaugherane6b@narod.ru,Female,Help Desk Technician,Morocco
229,Isis Corben,icorben6c@twitter.com,Female,Software Consultant,Philippines
230,Gaby Mitie,gmitie6d@earthlink.net,Female,Human Resources Assistant III,China
231,Berty Ibeson,bibeson6e@state.tx.us,Female,Software Consultant,France
232,Roley Stelljes,rstelljes6f@t.co,Male,Structural Engineer,Thailand
233,Livvy Lapwood,llapwood6g@usa.gov,Female,Human Resources Manager,France
234,Everard Fennelow,efennelow6h@vinaora.com,Male,Analog Circuit Design manager,Peru
235,Caryl Fiveash,cfiveash6i@w3.org,Male,Teacher,Argentina
236,Katleen Rasor,krasor6j@mac.com,Female,Graphic Designer,Indonesia
237,Vinnie Mc Caghan,vmc6k@ning.com,Male,Research Assistant II,Portugal
238,Lonee Izac,lizac6l@prlog.org,Non-binary,VP Quality Control,Indonesia
239,Estell Milbank,emilbank6m@ihg.com,Female,Senior Sales Associate,Brazil
240,Thedric Hullyer,thullyer6n@google.com.au,Male,Senior Developer,Bulgaria
241,Rowe Huws,rhuws6o@quantcast.com,Female,VP Product Management,Czech Republic
242,Hakim Parvin,hparvin6p@ezinearticles.com,Male,Internal Auditor,Czech Republic
243,Melicent Burghall,mburghall6q@vk.com,Female,Senior Quality Engineer,China
244,Donal Waumsley,dwaumsley6r@mediafire.com,Male,Web Designer IV,Vietnam
245,Daile Dellar,ddellar6s@blogger.com,Female,Automation Specialist I,Hungary
246,Farr Trasler,ftrasler6t@technorati.com,Male,VP Accounting,Peru
247,Arman Morat,amorat6u@altervista.org,Male,Occupational Therapist,Laos
248,Lacee Alennikov,lalennikov6v@craigslist.org,Female,Internal Auditor,Canada
249,Ruggiero Venny,rvenny6w@discovery.com,Genderfluid,Senior Cost Accountant,South Africa
250,Artair Hiner,ahiner6x@moonfruit.com,Male,Information Systems Manager,China
251,Justin Reddy,jreddy6y@weebly.com,Male,Automation Specialist I,Sweden
252,Timmi Managh,tmanagh6z@cmu.edu,Female,Mechanical Systems Engineer,Thailand
253,Jackqueline Lainton,jlainton70@etsy.com,Agender,Chief Design Engineer,South Africa
254,Tabatha Fowlston,tfowlston71@symantec.com,Female,Professor,Thailand
255,Teddy Gayter,tgayter72@mit.edu,Female,Senior Editor,United States
256,Bonni Exeter,bexeter73@oakley.com,Genderfluid,Sales Associate,Finland
257,Therine Storry,tstorry74@hexun.com,Female,Developer III,Brazil
258,Evelyn Kinworthy,ekinworthy75@a8.net,Female,Sales Associate,Croatia
259,Brunhilde Riddel,briddel76@zdnet.com,Agender,Nurse Practicioner,Portugal
260,Prudi Reiglar,preiglar77@examiner.com,Female,Biostatistician II,China
261,Clair Duinbleton,cduinbleton78@quantcast.com,Female,Environmental Tech,Poland
262,Zelda Rides,zrides79@tmall.com,Female,Sales Representative,China
263,Rene O'Toole,rotoole7a@oaic.gov.au,Female,Staff Scientist,Colombia
264,Matthus McVeagh,mmcveagh7b@whitehouse.gov,Male,Automation Specialist II,China
265,Frazer Napthine,fnapthine7c@springer.com,Male,Human Resources Manager,France
266,Chrissie McGillacoell,cmcgillacoell7d@example.com,Female,Environmental Specialist,Sweden
267,Brian Collingworth,bcollingworth7e@mashable.com,Male,Information Systems Manager,Angola
268,Sibylle Marcu,smarcu7f@wikimedia.org,Female,Social Worker,Macedonia
269,Karyn Barsam,kbarsam7g@go.com,Female,Internal Auditor,Indonesia
270,Morris Athersmith,mathersmith7h@com.com,Male,Programmer I,Turkmenistan
271,Tommi Tipping,ttipping7i@blog.com,Female,Professor,Indonesia
272,Philis Yacob,pyacob7j@usatoday.com,Bigender,Account Representative II,Peru
273,Dorry Aggiss,daggiss7k@studiopress.com,Female,Software Test Engineer I,Indonesia
274,Charlotta Dowey,cdowey7l@delicious.com,Non-binary,Analyst Programmer,France
275,Sarene Wildash,swildash7m@cafepress.com,Female,Account Coordinator,Indonesia
276,Matthiew Jenicek,mjenicek7n@geocities.jp,Male,Office Assistant II,China
277,Tracey Huburn,thuburn7o@craigslist.org,Male,Help Desk Operator,Haiti
278,Heddie Frentz,hfrentz7p@hud.gov,Female,Senior Financial Analyst,Argentina
279,Fitz Geaveny,fgeaveny7q@qq.com,Male,Nuclear Power Engineer,Russia
280,Bentlee Murdoch,bmurdoch7r@mashable.com,Male,Engineer I,Slovenia
281,Linet Chilles,lchilles7s@quantcast.com,Female,Biostatistician III,Colombia
282,Donovan Dearing,ddearing7t@phoca.cz,Male,Civil Engineer,Indonesia
283,Gae Lidstone,glidstone7u@cisco.com,Female,Physical Therapy Assistant,Dominican Republic
284,Ricki Ivankin,rivankin7v@live.com,Male,Help Desk Technician,Argentina
285,Oby Grieg,ogrieg7w@over-blog.com,Male,Research Associate,Greece
286,Zorina Postill,zpostill7x@myspace.com,Female,Help Desk Operator,Nigeria
287,Vincenty Belch,vbelch7y@tmall.com,Male,Budget/Accounting Analyst II,China
288,Judie Hixson,jhixson7z@washington.edu,Female,Nurse,Brazil
289,Berton Crawley,bcrawley80@artisteer.com,Male,Programmer II,Argentina
290,Danell Kiendl,dkiendl81@arizona.edu,Female,Mechanical Systems Engineer,United States
291,Lilith Assaf,lassaf82@adobe.com,Female,Nurse,Bolivia
292,Ben Scarisbrick,bscarisbrick83@blinklist.com,Male,Graphic Designer,China
293,Harrison MacNally,hmacnally84@howstuffworks.com,Male,Physical Therapy Assistant,China
294,Jacky Antonsson,jantonsson85@list-manage.com,Female,Analyst Programmer,Indonesia
295,Bucky Rief,brief86@cbslocal.com,Agender,Accountant IV,Poland
296,Kandy Rickesies,krickesies87@discuz.net,Female,Sales Representative,Belarus
297,Joel Tremontana,jtremontana88@ucoz.com,Male,Internal Auditor,Indonesia
298,Cristionna Kilfedder,ckilfedder89@usnews.com,Female,Staff Accountant II,Indonesia
299,Magdalene Cayser,mcayser8a@cnbc.com,Female,General Manager,Philippines
300,Lev Moriarty,lmoriarty8b@sciencedirect.com,Male,Social Worker,Libya
301,Perla Ebbles,pebbles8c@skyrock.com,Female,Assistant Media Planner,Venezuela
302,Aveline Hembery,ahembery8d@hexun.com,Non-binary,Programmer II,Portugal
303,Shell De Dei,sde8e@home.pl,Male,Account Executive,China
304,Natal Heinicke,nheinicke8f@constantcontact.com,Male,Assistant Manager,Philippines
305,Morse Chidwick,mchidwick8g@google.ru,Male,Staff Scientist,Tunisia
306,Stevy Berling,sberling8h@altervista.org,Polygender,Sales Associate,Brazil
307,Shandra Lembcke,slembcke8i@house.gov,Female,Mechanical Systems Engineer,China
308,Silvain Moneypenny,smoneypenny8j@newsvine.com,Male,Legal Assistant,China
309,Shari Tow,stow8k@unesco.org,Female,Senior Developer,China
310,Glynda Fordy,gfordy8l@purevolume.com,Female,Assistant Professor,Indonesia
311,Agnola Revelle,arevelle8m@vimeo.com,Female,Software Engineer II,Vietnam
312,Hillery Strathearn,hstrathearn8n@360.cn,Male,Research Assistant I,France
313,Fanya Duffit,fduffit8o@etsy.com,Female,Software Consultant,New Zealand
314,Nilson Karolczyk,nkarolczyk8p@icio.us,Male,VP Marketing,Czech Republic
315,Guthrie Chate,gchate8q@instagram.com,Male,Analyst Programmer,Spain
316,Timothy Kielty,tkielty8r@telegraph.co.uk,Male,Recruiting Manager,China
317,Sigismond Paulton,spaulton8s@slideshare.net,Male,Teacher,Uganda
318,Korrie Pacey,kpacey8t@gov.uk,Polygender,Editor,China
319,Inness Raoul,iraoul8u@archive.org,Male,Senior Developer,France
320,Lay Monk,lmonk8v@unblog.fr,Male,Database Administrator IV,Indonesia
321,Dale Swyndley,dswyndley8w@geocities.jp,Female,Administrative Assistant IV,China
322,Davis Dunnico,ddunnico8x@liveinternet.ru,Male,Safety Technician II,Russia
323,Biddie Avrahamof,bavrahamof8y@usnews.com,Female,Budget/Accounting Analyst II,Indonesia
324,Michael Fillan,mfillan8z@dailymotion.com,Male,VP Product Management,Uzbekistan
325,Dasi Sighart,dsighart90@csmonitor.com,Female,Desktop Support Technician,Indonesia
326,Ring Albisser,ralbisser91@qq.com,Male,Nuclear Power Engineer,Colombia
327,Putnam Nisbith,pnisbith92@statcounter.com,Male,Nuclear Power Engineer,Ukraine
328,Shirlene Bonus,sbonus93@behance.net,Female,VP Marketing,French Polynesia
329,Gregorio Woodgate,gwoodgate94@nytimes.com,Male,Help Desk Technician,Portugal
330,Waylan Plunket,wplunket95@wunderground.com,Male,Mechanical Systems Engineer,Philippines
331,Brian Dikelin,bdikelin96@zimbio.com,Male,Cost Accountant,Russia
332,Burton Elener,belener97@wordpress.com,Male,VP Sales,Palestinian Territory
333,Clemens Kures,ckures98@earthlink.net,Male,Information Systems Manager,China
334,Joseito McPhillips,jmcphillips99@sourceforge.net,Male,Graphic Designer,Philippines
335,Claretta Over,cover9a@admin.ch,Female,Associate Professor,China
336,Alvina Needham,aneedham9b@sciencedirect.com,Female,Graphic Designer,Brazil
337,Kathye Colquite,kcolquite9c@paypal.com,Female,Developer III,Brazil
338,Bernete Grissett,bgrissett9d@oaic.gov.au,Female,Help Desk Technician,Philippines
339,Bernelle Darlington,bdarlington9e@ihg.com,Female,Clinical Specialist,China
340,Diann Longland,dlongland9f@bandcamp.com,Female,Software Engineer I,Bangladesh
341,Cicely Earpe,cearpe9g@w3.org,Female,VP Quality Control,United States
342,Zuzana Nafziger,znafziger9h@alibaba.com,Genderfluid,VP Accounting,China
343,Fredrick Ilchuk,filchuk9i@chronoengine.com,Polygender,Technical Writer,China
344,Humfried Swate,hswate9j@livejournal.com,Male,Systems Administrator III,Ireland
345,Herculie Hynd,hhynd9k@unc.edu,Male,Human Resources Manager,United States
346,Akim Vigrass,avigrass9l@youku.com,Male,Recruiting Manager,Poland
347,Hort Hessle,hhessle9m@indiegogo.com,Male,Account Coordinator,Portugal
348,Gardiner Tiernan,gtiernan9n@php.net,Male,Speech Pathologist,Afghanistan
349,Garrett Rubega,grubega9o@sun.com,Male,Dental Hygienist,Brazil
350,Chloris Speek,cspeek9p@patch.com,Female,Sales Associate,Portugal
351,Jennette Valencia,jvalencia9q@soundcloud.com,Female,Help Desk Technician,Honduras
352,Renaud O'Shevlan,roshevlan9r@meetup.com,Male,Occupational Therapist,China
353,Seamus Scamwell,sscamwell9s@seattletimes.com,Male,Internal Auditor,United States
354,Benji Webley,bwebley9t@columbia.edu,Male,Paralegal,China
355,Jammie Chatwin,jchatwin9u@google.es,Female,Biostatistician II,Indonesia
356,Shepperd Seys,sseys9v@phpbb.com,Male,Cost Accountant,Poland
357,Toby Edmunds,tedmunds9w@statcounter.com,Male,GIS Technical Architect,Russia
358,Lonny Spilsbury,lspilsbury9x@dedecms.com,Male,Human Resources Manager,Brazil
359,Ab Pash,apash9y@chronoengine.com,Male,Software Engineer III,Indonesia
360,Teresa Grimoldby,tgrimoldby9z@purevolume.com,Female,Accountant I,China
361,Emmy Middis,emiddisa0@epa.gov,Male,VP Quality Control,Russia
362,Rhonda Bramont,rbramonta1@godaddy.com,Female,Human Resources Manager,Poland
363,Morey Heaton,mheatona2@vinaora.com,Male,Engineer IV,Indonesia
364,Jaye Mesnard,jmesnarda3@usgs.gov,Male,Internal Auditor,China
365,Farly Coggles,fcogglesa4@yahoo.co.jp,Male,Assistant Media Planner,France
366,Gustave Tommei,gtommeia5@pen.io,Male,Account Coordinator,Poland
367,Trish Perren,tperrena6@oakley.com,Female,Analog Circuit Design manager,Benin
368,Johanna Dovinson,jdovinsona7@cmu.edu,Female,Programmer Analyst I,Peru
369,Zorah Karlik,zkarlika8@nhs.uk,Female,Food Chemist,Belarus
370,Adora Aleso,aalesoa9@pagesperso-orange.fr,Female,Physical Therapy Assistant,Indonesia
371,Stacey Hullah,shullahaa@hud.gov,Female,Research Associate,Sweden
372,Josias Vinton,jvintonab@ocn.ne.jp,Male,Safety Technician I,Peru
373,Fernando Mayne,fmayneac@discuz.net,Male,Financial Analyst,Bulgaria
374,Kalle Shiril,kshirilad@youtube.com,Male,Budget/Accounting Analyst III,Haiti
375,Vassili Rossander,vrossanderae@discuz.net,Male,Project Manager,China
376,Kaleb Shee,ksheeaf@icio.us,Male,Human Resources Manager,Brazil
377,Bennett Ruger,brugerag@unesco.org,Male,Director of Sales,France
378,Dena Leibold,dleiboldah@liveinternet.ru,Genderfluid,Administrative Assistant II,Denmark
379,Adelbert Maggorini,amaggoriniai@home.pl,Agender,Help Desk Operator,Greece
380,Burty Lorenzo,blorenzoaj@cnet.com,Male,Senior Editor,Indonesia
381,Robby Lacy,rlacyak@booking.com,Female,Research Associate,Canada
382,Netta Nial,nnialal@taobao.com,Female,Human Resources Manager,China
383,Timmy Valett,tvalettam@webmd.com,Genderqueer,Mechanical Systems Engineer,Georgia
384,Gillian Stoter,gstoteran@elpais.com,Female,Food Chemist,Philippines
385,Alain Duigenan,aduigenanao@photobucket.com,Male,Sales Representative,Afghanistan
386,Lucila Greenhead,lgreenheadap@squarespace.com,Female,Nurse Practicioner,Russia
387,Tabby Beumant,tbeumantaq@cnbc.com,Male,Senior Editor,Japan
388,Darcy Elman,delmanar@slashdot.org,Female,Tax Accountant,Indonesia
389,Catharine Sahnow,csahnowas@g.co,Female,Professor,France
390,Calv O'Hannen,cohannenat@msu.edu,Male,Systems Administrator II,Kenya
391,Welby McKimm,wmckimmau@plala.or.jp,Male,Structural Engineer,Faroe Islands
392,Jeralee Gath,jgathav@t.co,Female,Assistant Media Planner,China
393,Nadean Oliveras,noliverasaw@homestead.com,Female,Assistant Manager,Brazil
394,Bree McQuillen,bmcquillenax@bizjournals.com,Female,Assistant Professor,Argentina
395,Dora Ketton,dkettonay@nationalgeographic.com,Female,Systems Administrator I,Belarus
396,Britt Cater,bcateraz@jigsy.com,Male,Compensation Analyst,Russia
397,Janey Elph,jelphb0@princeton.edu,Female,Desktop Support Technician,China
398,Wilone Greves,wgrevesb1@boston.com,Non-binary,Geological Engineer,Portugal
399,Dore Beazer,dbeazerb2@constantcontact.com,Male,VP Product Management,China
400,Halsey Hetterich,hhetterichb3@twitpic.com,Male,Analyst Programmer,Armenia
401,Stevie Kleinzweig,skleinzweigb4@amazonaws.com,Male,Administrative Assistant III,Brazil
402,Mata Roxby,mroxbyb5@lulu.com,Male,Marketing Manager,China
403,Artemas Hillborne,ahillborneb6@ask.com,Male,Registered Nurse,China
404,Theressa Smales,tsmalesb7@csmonitor.com,Female,Financial Analyst,Colombia
405,Kathie Angood,kangoodb8@macromedia.com,Female,Editor,Indonesia
406,Haskell Chezelle,hchezelleb9@joomla.org,Male,Accounting Assistant I,Philippines
407,Coreen Guidera,cguideraba@ucoz.ru,Female,Librarian,Mexico
408,Wat Jacquest,wjacquestbb@altervista.org,Male,Editor,China
409,Gabe Casbourne,gcasbournebc@instagram.com,Male,Assistant Professor,China
410,Rozalin Bridywater,rbridywaterbd@nasa.gov,Genderqueer,Database Administrator III,China
411,Alejandrina Domegan,adomeganbe@hugedomains.com,Female,Professor,Czech Republic
412,Melli Voff,mvoffbf@google.co.jp,Female,VP Accounting,Ethiopia
413,Maurice Ridgers,mridgersbg@about.me,Male,Social Worker,France
414,Noelyn Tuffey,ntuffeybh@facebook.com,Female,Pharmacist,Ecuador
415,Delmar Kondratowicz,dkondratowiczbi@sciencedaily.com,Male,Account Executive,Indonesia
416,Fredric Meyer,fmeyerbj@miibeian.gov.cn,Male,VP Product Management,Russia
417,Vince Kramer,vkramerbk@gnu.org,Male,Research Nurse,Malaysia
418,Gard Cornely,gcornelybl@edublogs.org,Male,Operator,Japan
419,Daffi Finlay,dfinlaybm@wikia.com,Female,VP Accounting,Pakistan
420,Shermy Jurick,sjurickbn@blogger.com,Male,Internal Auditor,China
421,Dulcine Landall,dlandallbo@ifeng.com,Female,Business Systems Development Analyst,China
422,Joycelin Tamburo,jtamburobp@nyu.edu,Female,Executive Secretary,China
423,Gardy Wintour,gwintourbq@whitehouse.gov,Agender,Geological Engineer,China
424,Carmella Carp,ccarpbr@creativecommons.org,Female,Social Worker,Indonesia
425,Bevan Dymoke,bdymokebs@yolasite.com,Male,Senior Financial Analyst,Poland
426,Wiley Dixon,wdixonbt@webs.com,Male,Web Developer IV,Thailand
427,Cleo Mateev,cmateevbu@sitemeter.com,Female,Chief Design Engineer,Mexico
428,Ogden Mearns,omearnsbv@harvard.edu,Male,Business Systems Development Analyst,Indonesia
429,Stephanie Crosse,scrossebw@tripod.com,Agender,VP Quality Control,China
430,Layne Mainstone,lmainstonebx@about.me,Female,Biostatistician III,Iran
431,Isaiah Dragonette,idragonetteby@umich.edu,Male,Accounting Assistant III,China
432,Broddy Ponter,bponterbz@godaddy.com,Male,VP Quality Control,Philippines
433,Chas Grinnikov,cgrinnikovc0@imageshack.us,Male,Technical Writer,Finland
434,Hedi Rooze,hroozec1@dedecms.com,Female,Web Developer I,Poland
435,Arni Haygreen,ahaygreenc2@weebly.com,Male,Teacher,Russia
436,Win O'Hara,woharac3@ovh.net,Agender,Financial Advisor,Russia
437,Ailsun Drewell,adrewellc4@java.com,Female,Account Representative III,Philippines
438,Margaux Facey,mfaceyc5@mtv.com,Female,Office Assistant IV,Canada
439,Charmine Thody,cthodyc6@indiatimes.com,Female,Automation Specialist I,China
440,Madison Robbe,mrobbec7@newyorker.com,Male,Social Worker,Micronesia
441,Laurent Grandison,lgrandisonc8@reddit.com,Male,Developer III,Finland
442,Guntar Thurbon,gthurbonc9@skype.com,Male,Teacher,Indonesia
443,Raymond Grunwall,rgrunwallca@weibo.com,Male,Sales Associate,Iran
444,Morry Aronowitz,maronowitzcb@geocities.jp,Male,Assistant Media Planner,Afghanistan
445,Urban Afield,uafieldcc@csmonitor.com,Male,Recruiter,South Africa
446,Niccolo Brezlaw,nbrezlawcd@amazonaws.com,Male,Director of Sales,China
447,Vannie Chessman,vchessmance@time.com,Female,Geologist III,China
448,Jeth Jenkyn,jjenkyncf@qq.com,Male,General Manager,Indonesia
449,Flore Harbison,fharbisoncg@barnesandnoble.com,Female,Nuclear Power Engineer,Philippines
450,Raddie Banaszczyk,rbanaszczykch@java.com,Male,Information Systems Manager,China
451,Abbye Varvell,avarvellci@ucoz.ru,Female,Geologist II,Portugal
452,Garey Menlow,gmenlowcj@huffingtonpost.com,Male,Compensation Analyst,Vietnam
453,Silvester Doy,sdoyck@oakley.com,Male,Community Outreach Specialist,Albania
454,Val Shrive,vshrivecl@unicef.org,Male,GIS Technical Architect,Finland
455,Mattie Wisniewski,mwisniewskicm@drupal.org,Genderqueer,VP Product Management,Argentina
456,Deny Belford,dbelfordcn@wordpress.org,Female,Sales Associate,Thailand
457,Gena Witcombe,gwitcombeco@51.la,Female,Quality Engineer,France
458,Kimbell Hurtado,khurtadocp@ycombinator.com,Male,General Manager,Ivory Coast
459,Rurik Bradly,rbradlycq@virginia.edu,Male,Quality Engineer,France
460,Catharine Piggrem,cpiggremcr@livejournal.com,Female,Community Outreach Specialist,Jordan
461,Leonhard Hanson,lhansoncs@nymag.com,Male,Librarian,China
462,Jaquelyn Hodinton,jhodintonct@nyu.edu,Female,Librarian,Ivory Coast
463,Anastassia Gimblet,agimbletcu@t-online.de,Female,Sales Representative,Venezuela
464,Donovan Quinton,dquintoncv@technorati.com,Male,Software Test Engineer I,China
465,Filberte Morrel,fmorrelcw@icq.com,Male,Desktop Support Technician,Thailand
466,Sean Lichfield,slichfieldcx@archive.org,Male,Environmental Specialist,Mexico
467,Nikolaus Mancell,nmancellcy@sbwire.com,Male,Budget/Accounting Analyst III,Nigeria
468,Giavani Staning,gstaningcz@unc.edu,Male,Senior Developer,Indonesia
469,Barris Wettern,bwetternd0@de.vu,Male,VP Quality Control,China
470,Boy McQuin,bmcquind1@sina.com.cn,Male,Social Worker,Iran
471,Bonni Marieton,bmarietond2@cdc.gov,Female,Design Engineer,Mexico
472,Evan Gilleson,egillesond3@wp.com,Male,Food Chemist,China
473,Maria Champe,mchamped4@simplemachines.org,Female,Electrical Engineer,China
474,Lammond Cartmill,lcartmilld5@arizona.edu,Male,VP Sales,China
475,Codi Peerman,cpeermand6@gmpg.org,Male,Desktop Support Technician,France
476,Willi Yarker,wyarkerd7@github.com,Male,Geologist III,Russia
477,Molly Spiers,mspiersd8@japanpost.jp,Female,Structural Analysis Engineer,China
478,Emili Shone,eshoned9@umich.edu,Female,Desktop Support Technician,Philippines
479,Wyn Eastwell,weastwellda@t.co,Male,Financial Advisor,Philippines
480,Cathryn Wyon,cwyondb@csmonitor.com,Polygender,Sales Associate,Nigeria
481,Brok Poppleton,bpoppletondc@deviantart.com,Male,Executive Secretary,Russia
482,Codee Marcus,cmarcusdd@e-recht24.de,Female,Operator,United States
483,Caterina Pavie,cpaviede@soup.io,Female,Compensation Analyst,Thailand
484,Rockie Zeale,rzealedf@rakuten.co.jp,Male,Nurse Practicioner,Afghanistan
485,Johny Hancock,jhancockdg@gmpg.org,Male,Nuclear Power Engineer,Brazil
486,Stillmann Derrett,sderrettdh@myspace.com,Male,Senior Quality Engineer,China
487,Perle Leeburn,pleeburndi@qq.com,Bigender,Safety Technician I,Jordan
488,Cristine Strickland,cstricklanddj@wsj.com,Female,Director of Sales,Sweden
489,Kakalina Corton,kcortondk@fda.gov,Female,Payment Adjustment Coordinator,Panama
490,Any Jeffcock,ajeffcockdl@oaic.gov.au,Male,Assistant Professor,China
491,Clerissa Comiam,ccomiamdm@walmart.com,Female,Human Resources Manager,South Korea
492,Esma Danne,edannedn@naver.com,Female,Internal Auditor,Philippines
493,Walther Caush,wcaushdo@friendfeed.com,Male,Physical Therapy Assistant,Russia
494,Schuyler Petrescu,spetrescudp@spiegel.de,Male,Account Representative I,Czech Republic
495,Mort Potebury,mpoteburydq@ifeng.com,Bigender,Editor,France
496,Gerrilee Antonio,gantoniodr@mit.edu,Female,Marketing Manager,China
497,Virginia Matysiak,vmatysiakds@nyu.edu,Female,Accountant I,Greece
498,Carree Franssen,cfranssendt@paypal.com,Female,Engineer II,Indonesia
499,Whitney Martensen,wmartensendu@va.gov,Female,Project Manager,France
500,Dare Dies,ddiesdv@economist.com,Male,Media Manager IV,Finland
501,Paulita Menere,pmeneredw@disqus.com,Agender,Analog Circuit Design manager,Mexico
502,Jakob Mullis,jmullisdx@4shared.com,Male,Desktop Support Technician,Egypt
503,Miller Mongan,mmongandy@marketwatch.com,Male,General Manager,Russia
504,Kincaid Fugere,kfugeredz@prnewswire.com,Male,Pharmacist,China
505,Katleen Eyes,keyese0@mapquest.com,Female,Information Systems Manager,Colombia
506,Keir Douglass,kdouglasse1@seesaa.net,Male,Media Manager III,Norway
507,Dorelle Domeney,ddomeneye2@thetimes.co.uk,Female,Nurse,Nicaragua
508,Virgie Gude,vgudee3@fema.gov,Bigender,VP Marketing,Indonesia
509,Julianna De Few,jdee4@aol.com,Genderfluid,Recruiting Manager,United States
510,Joe Rivlin,jrivline5@github.io,Male,Senior Cost Accountant,Egypt
511,Lisle Dimsdale,ldimsdalee6@state.gov,Male,Professor,China
512,Lorette Rapo,lrapoe7@angelfire.com,Female,Recruiting Manager,Bosnia and Herzegovina
513,Tam Bather,tbathere8@altervista.org,Male,Financial Analyst,Greece
514,Lynelle Main,lmaine9@opensource.org,Female,Cost Accountant,Saint Lucia
515,Dyanna Dunk,ddunkea@bloomberg.com,Female,Software Engineer III,Bulgaria
516,Boothe Pedrick,bpedrickeb@mozilla.com,Male,Community Outreach Specialist,Spain
517,Nate Beseke,nbesekeec@springer.com,Male,Software Engineer I,Ireland
518,Alexis Bilton,abiltoned@example.com,Female,Computer Systems Analyst II,Canada
519,Ronnica Winkett,rwinkettee@princeton.edu,Female,Budget/Accounting Analyst II,Japan
520,Noland Wolvey,nwolveyef@netlog.com,Male,Information Systems Manager,Indonesia
521,Kellen Mebius,kmebiuseg@dyndns.org,Female,Staff Scientist,Philippines
522,Ned Bascomb,nbascombeh@wikispaces.com,Male,Account Representative III,Netherlands
523,Gran Sandes,gsandesei@cmu.edu,Male,Chief Design Engineer,Croatia
524,Jewell Lepoidevin,jlepoidevinej@photobucket.com,Female,Administrative Assistant IV,Russia
525,Sharlene McGifford,smcgiffordek@go.com,Female,Programmer Analyst I,Panama
526,Shena Bradick,sbradickel@utexas.edu,Polygender,Programmer Analyst III,Philippines
527,Willamina Seeking,wseekingem@homestead.com,Female,Senior Quality Engineer,South Africa
528,Garey Probet,gprobeten@so-net.ne.jp,Male,Analog Circuit Design manager,Argentina
529,Mischa Slayton,mslaytoneo@dell.com,Male,Developer I,China
530,Glenna Klugman,gklugmanep@java.com,Female,Electrical Engineer,Indonesia
531,Crichton Sawkins,csawkinseq@imageshack.us,Male,VP Marketing,Canada
532,Shay De Souza,sdeer@photobucket.com,Male,VP Quality Control,Ukraine
533,Aldrich Croome,acroomees@time.com,Male,Health Coach I,Sweden
534,Lorrie Grigorushkin,lgrigorushkinet@businessinsider.com,Male,Cost Accountant,Japan
535,Chantal Crees,ccreeseu@vk.com,Female,Paralegal,Philippines
536,Rae Corser,rcorserev@wisc.edu,Female,Computer Systems Analyst II,Greece
537,Rolland Windebank,rwindebankew@booking.com,Male,Software Test Engineer II,Jamaica
538,Heddi Feighney,hfeighneyex@blogger.com,Female,Compensation Analyst,Sweden
539,Ad Bullivant,abullivantey@sfgate.com,Male,Staff Scientist,Indonesia
540,Suellen Grinaway,sgrinawayez@fema.gov,Female,Accountant III,Canada
541,Reinhold Howard - Gater,rhowardf0@tamu.edu,Male,Database Administrator I,Russia
542,Connie Kinnie,ckinnief1@4shared.com,Male,Marketing Manager,Indonesia
543,Flinn Blasgen,fblasgenf2@photobucket.com,Male,Health Coach IV,Indonesia
544,Gasparo Dumbleton,gdumbletonf3@slideshare.net,Bigender,Analog Circuit Design manager,Sweden
545,Elizabet Moakes,emoakesf4@wp.com,Female,Health Coach II,Poland
546,Thelma Geale,tgealef5@purevolume.com,Female,Business Systems Development Analyst,Cuba
547,Melvin Swyn,mswynf6@google.ca,Male,Food Chemist,Russia
548,August Gourdon,agourdonf7@sourceforge.net,Male,Safety Technician I,China
549,Aarika Jelliman,ajellimanf8@linkedin.com,Female,Research Nurse,Venezuela
550,Emelda Costy,ecostyf9@fastcompany.com,Genderfluid,Statistician III,China
551,Archer Goldsby,agoldsbyfa@a8.net,Male,Account Executive,China
552,Marin Roo,mroofb@dagondesign.com,Female,Senior Financial Analyst,South Africa
553,Esteban Basilio,ebasiliofc@example.com,Male,Editor,Thailand
554,Rollie Pavlata,rpavlatafd@acquirethisname.com,Male,Cost Accountant,Russia
555,Ronnie Jakubowicz,rjakubowiczfe@phoca.cz,Female,Tax Accountant,Russia
556,Morganica Bendixen,mbendixenff@indiegogo.com,Female,Financial Analyst,United States
557,Waite Scrowson,wscrowsonfg@qq.com,Male,Research Assistant II,France
558,Shirleen Pollie,spolliefh@salon.com,Female,Senior Quality Engineer,Peru
559,Cloe Sember,csemberfi@jiathis.com,Female,Editor,Indonesia
560,Russell Itzhayek,ritzhayekfj@miitbeian.gov.cn,Male,Speech Pathologist,China
561,Franky Sutherns,fsuthernsfk@51.la,Male,Nurse Practicioner,Russia
562,Sarette Lope,slopefl@sourceforge.net,Female,Account Representative IV,Japan
563,Carmelina Heart,cheartfm@google.cn,Female,Structural Analysis Engineer,Brazil
564,Liana Summons,lsummonsfn@joomla.org,Female,Structural Analysis Engineer,South Sudan
565,Adham Schirak,aschirakfo@plala.or.jp,Male,Research Associate,Indonesia
566,Shelia Blune,sblunefp@yale.edu,Female,Graphic Designer,China
567,Delora Liversley,dliversleyfq@webeden.co.uk,Female,Systems Administrator II,Ukraine
568,Claire Banting,cbantingfr@angelfire.com,Male,Media Manager II,Serbia
569,Rip Chiverstone,rchiverstonefs@prlog.org,Male,Technical Writer,China
570,Kane Silwood,ksilwoodft@i2i.jp,Male,Research Assistant I,China
571,Melina Upham,muphamfu@vistaprint.com,Female,Senior Sales Associate,Finland
572,Cortney Pack,cpackfv@epa.gov,Female,Editor,Brazil
573,Nil Luttgert,nluttgertfw@bravesites.com,Male,Research Associate,Cuba
574,Tally Easterling,teasterlingfx@is.gd,Male,Staff Accountant IV,Thailand
575,Norry Ottewill,nottewillfy@yellowpages.com,Female,Social Worker,China
576,Gavin Courage,gcouragefz@ameblo.jp,Male,Legal Assistant,Thailand
577,Mickey Babe,mbabeg0@cisco.com,Male,Desktop Support Technician,Philippines
578,Dore Puig,dpuigg1@bbb.org,Male,Budget/Accounting Analyst III,China
579,Debora Roft,droftg2@1688.com,Female,Cost Accountant,China
580,Reina Larcombe,rlarcombeg3@bravesites.com,Female,VP Accounting,Honduras
581,Marjie Gullam,mgullamg4@indiegogo.com,Female,Actuary,Russia
582,Siward Yaxley,syaxleyg5@cpanel.net,Male,Senior Sales Associate,China
583,Chancey Orr,corrg6@columbia.edu,Male,Quality Control Specialist,Poland
584,Minny Annis,mannisg7@mtv.com,Female,Librarian,Indonesia
585,Tim Drioli,tdriolig8@e-recht24.de,Female,Software Test Engineer III,Peru
586,Carroll Noto,cnotog9@t-online.de,Female,Senior Cost Accountant,Madagascar
587,Malchy Drains,mdrainsga@soundcloud.com,Male,Junior Executive,France
588,Cirilo Lougheed,clougheedgb@addthis.com,Male,Electrical Engineer,Peru
589,Donelle Clowton,dclowtongc@sfgate.com,Female,Electrical Engineer,China
590,Jenny Redmain,jredmaingd@comsenz.com,Female,Registered Nurse,China
591,Elita Francesc,efrancescge@angelfire.com,Female,Account Representative I,Dominican Republic
592,Emerson Corwood,ecorwoodgf@youtube.com,Male,Programmer Analyst IV,France
593,Lona Millom,lmillomgg@samsung.com,Female,Human Resources Assistant II,Indonesia
594,Locke Rapp,lrappgh@goo.ne.jp,Male,Assistant Media Planner,Philippines
595,Willabella Filippazzo,wfilippazzogi@cargocollective.com,Female,Editor,Lithuania
596,Stacia Quin,squingj@mapquest.com,Female,Staff Scientist,Portugal
597,Micheline Rankcom,mrankcomgk@usnews.com,Female,Marketing Manager,Sweden
598,Dinny Guinness,dguinnessgl@reuters.com,Female,Project Manager,Chile
599,Gregorius Horstead,ghorsteadgm@delicious.com,Male,Compensation Analyst,Poland
600,Wileen Cutbirth,wcutbirthgn@apache.org,Female,Sales Representative,Indonesia
601,Ilyse Beagan,ibeagango@ow.ly,Female,Marketing Assistant,Honduras
602,Karoly Enever,kenevergp@vimeo.com,Female,Analog Circuit Design manager,Austria
603,Fritz Methingam,fmethingamgq@google.com.hk,Male,Human Resources Assistant IV,France
604,Monroe Autrie,mautriegr@bbb.org,Male,Assistant Professor,Kenya
605,Jaime Gwillyam,jgwillyamgs@techcrunch.com,Female,Nurse Practicioner,France
606,Pall Smallcomb,psmallcombgt@bluehost.com,Male,VP Sales,United States
607,Beryle Kits,bkitsgu@youku.com,Female,Financial Advisor,Syria
608,Ariela Oldknow,aoldknowgv@ocn.ne.jp,Female,Editor,China
609,Ardath Fortey,aforteygw@umich.edu,Genderfluid,Help Desk Operator,Brazil
610,Merle Thresher,mthreshergx@bloglines.com,Male,Assistant Professor,Ecuador
611,Chris Okeshott,cokeshottgy@scientificamerican.com,Male,Professor,Serbia
612,Pryce Parslow,pparslowgz@wikimedia.org,Male,Administrative Officer,Greece
613,Giffard Penylton,gpenyltonh0@sciencedirect.com,Male,Automation Specialist III,Colombia
614,Clarie Sives,csivesh1@cafepress.com,Bigender,Structural Engineer,China
615,Laird Dochon,ldochonh2@nymag.com,Male,GIS Technical Architect,Croatia
616,Amalita Bampfield,abampfieldh3@va.gov,Female,Marketing Assistant,Spain
617,Christoph Langthorn,clangthornh4@theguardian.com,Male,Analyst Programmer,Morocco
618,Torrin Jessope,tjessopeh5@seesaa.net,Male,Senior Cost Accountant,Latvia
619,Dena Ingon,dingonh6@youtu.be,Female,Social Worker,Tanzania
620,Astrix Cawsby,acawsbyh7@bbc.co.uk,Female,Senior Editor,Indonesia
621,Jo-ann O'Lunney,jolunneyh8@un.org,Agender,Physical Therapy Assistant,Russia
622,Joseph McAllester,jmcallesterh9@tmall.com,Male,Director of Sales,Dominican Republic
623,Veronica Wing,vwingha@bbb.org,Female,Librarian,Ukraine
624,Any Minchindon,aminchindonhb@livejournal.com,Male,Systems Administrator IV,Syria
625,Gretta Kepe,gkepehc@ucoz.ru,Female,Media Manager IV,China
626,Cal Filshin,cfilshinhd@umn.edu,Female,Assistant Manager,China
627,Hillery Dytham,hdythamhe@spotify.com,Male,Director of Sales,Thailand
628,Caressa Vaneev,cvaneevhf@hud.gov,Non-binary,Safety Technician IV,Philippines
629,Lyndy Vasilik,lvasilikhg@shutterfly.com,Female,Operator,Brazil
630,Tiffany Steiner,tsteinerhh@ameblo.jp,Female,Dental Hygienist,Indonesia
631,Francine Blankau,fblankauhi@cisco.com,Female,Professor,Sweden
632,Buiron Whiffin,bwhiffinhj@nih.gov,Male,Design Engineer,Mongolia
633,Arlen Thorrold,athorroldhk@telegraph.co.uk,Male,General Manager,Russia
634,Michaella Connold,mconnoldhl@dion.ne.jp,Female,Automation Specialist II,France
635,Cort Tapsell,ctapsellhm@vkontakte.ru,Male,Information Systems Manager,China
636,Lorrayne Dyka,ldykahn@discovery.com,Female,Biostatistician IV,Colombia
637,Karine Plessing,kplessingho@weather.com,Female,Design Engineer,Russia
638,Missy Brobak,mbrobakhp@eventbrite.com,Female,Recruiter,Indonesia
639,Binni Wincott,bwincotthq@washington.edu,Female,Nurse,Russia
640,Mureil Greenway,mgreenwayhr@foxnews.com,Female,Social Worker,Colombia
641,Ardella Marjot,amarjoths@dropbox.com,Female,Desktop Support Technician,China
642,Gweneth Mostyn,gmostynht@parallels.com,Female,Account Representative III,Philippines
643,Arabele Fleckney,afleckneyhu@php.net,Female,Research Associate,China
644,Brita Chalfant,bchalfanthv@dailymotion.com,Female,Project Manager,Brazil
645,Eldon Stuchbury,estuchburyhw@e-recht24.de,Male,Senior Editor,Russia
646,Addia Seabrooke,aseabrookehx@washingtonpost.com,Polygender,Chemical Engineer,Palestinian Territory
647,Aurie Ong,aonghy@cafepress.com,Female,Professor,China
648,Karry Stephens,kstephenshz@hubpages.com,Female,Safety Technician IV,China
649,Sean Bengochea,sbengocheai0@youtu.be,Male,Speech Pathologist,Greece
650,Spenser Huskisson,shuskissoni1@photobucket.com,Male,Software Engineer II,Croatia
651,Johny Relfe,jrelfei2@usgs.gov,Male,Sales Representative,Pakistan
652,Amandie Spraggon,aspraggoni3@cdc.gov,Female,Teacher,China
653,Trumaine Dahmel,tdahmeli4@cyberchimps.com,Male,Database Administrator III,Brazil
654,Avery Botly,abotlyi5@loc.gov,Male,Legal Assistant,Russia
655,Gunner D'eath,gdeathi6@miibeian.gov.cn,Male,Legal Assistant,United States
656,Davidde Greenslade,dgreensladei7@reverbnation.com,Male,Nurse Practicioner,China
657,Richart Hanna,rhannai8@ucoz.com,Male,Recruiting Manager,Egypt
658,Selig Fullick,sfullicki9@delicious.com,Genderqueer,Systems Administrator I,France
659,Juana Burroughes,jburroughesia@opensource.org,Female,Speech Pathologist,Italy
660,Michaelina Matijevic,mmatijevicib@posterous.com,Female,Registered Nurse,Sri Lanka
661,Boot Cardoso,bcardosoic@nature.com,Male,Office Assistant III,Nigeria
662,Maridel Waterman,mwatermanid@usatoday.com,Female,Web Developer III,Norway
663,Napoleon Gherardi,ngherardiie@usgs.gov,Genderqueer,Junior Executive,Iceland
664,Andy Swannell,aswannellif@google.nl,Male,Project Manager,Indonesia
665,Kalli Guerrieri,kguerrieriig@devhub.com,Female,Cost Accountant,France
666,Fabio Gergely,fgergelyih@webnode.com,Genderfluid,VP Marketing,Portugal
667,Lincoln Thouless,lthoulessii@purevolume.com,Male,Design Engineer,Uganda
668,Darren Seid,dseidij@mit.edu,Male,Account Representative I,China
669,Griz Fothergill,gfothergillik@time.com,Male,Structural Engineer,Russia
670,Shelby McReynolds,smcreynoldsil@discuz.net,Male,Financial Analyst,Czech Republic
671,Josi Round,jroundim@yellowpages.com,Female,Internal Auditor,China
672,Gusti Pinor,gpinorin@macromedia.com,Female,Software Test Engineer III,Greece
673,Joanne Glidder,jglidderio@google.nl,Female,Research Associate,China
674,Francesca Tollit,ftollitip@angelfire.com,Female,Health Coach IV,Indonesia
675,Kelby Keegan,kkeeganiq@bloomberg.com,Male,Administrative Officer,Poland
676,Valera Peppard,vpeppardir@flavors.me,Female,Senior Editor,Philippines
677,Bradford Awton,bawtonis@engadget.com,Male,Administrative Officer,Russia
678,Lenora Mair,lmairit@printfriendly.com,Female,Health Coach III,Colombia
679,Kassey Dacre,kdacreiu@google.com,Female,Recruiting Manager,Panama
680,Jasper Tunkin,jtunkiniv@senate.gov,Male,Web Developer I,France
681,Raoul Rubinsohn,rrubinsohniw@bing.com,Male,Professor,China
682,Felipa Southeran,fsoutheranix@tumblr.com,Female,VP Product Management,Brazil
683,Lin Bocock,lbocockiy@virginia.edu,Female,Statistician I,Indonesia
684,Tess Satchell,tsatchelliz@netvibes.com,Female,Professor,China
685,Thornton Ferrant,tferrantj0@ox.ac.uk,Male,Media Manager IV,Portugal
686,Jamal Mays,jmaysj1@bloglines.com,Male,VP Sales,Uganda
687,Elsinore Gillmore,egillmorej2@irs.gov,Female,Professor,Poland
688,Ralf Bambridge,rbambridgej3@symantec.com,Male,Recruiting Manager,Indonesia
689,Mandie Matashkin,mmatashkinj4@so-net.ne.jp,Female,Mechanical Systems Engineer,Sierra Leone
690,Christan Groarty,cgroartyj5@ustream.tv,Female,Account Representative III,Indonesia
691,Gibby Larcher,glarcherj6@ebay.co.uk,Male,Technical Writer,Russia
692,Pepi Kubala,pkubalaj7@pen.io,Female,Tax Accountant,United States
693,Nettle Steele,nsteelej8@domainmarket.com,Female,Account Executive,Indonesia
694,Kassia Tyndall,ktyndallj9@webs.com,Genderfluid,Technical Writer,China
695,Quinton Polon,qpolonja@vkontakte.ru,Male,VP Accounting,Sweden
696,Mic Lowcock,mlowcockjb@cisco.com,Male,Compensation Analyst,Mauritius
697,Shirley Bourhill,sbourhilljc@nsw.gov.au,Female,Senior Quality Engineer,Russia
698,Randolph Tenny,rtennyjd@nps.gov,Male,Developer III,Norway
699,Rickey Vasin,rvasinje@marketwatch.com,Male,Analog Circuit Design manager,Belarus
700,Kenton McRuvie,kmcruviejf@yandex.ru,Male,Web Designer II,Indonesia
701,Dom Podd,dpoddjg@nationalgeographic.com,Male,Quality Control Specialist,China
702,Glori Lovitt,glovittjh@sakura.ne.jp,Female,Administrative Officer,China
703,Skip Hartman,shartmanji@yahoo.com,Male,Recruiting Manager,Maldives
704,Kelby Roseburgh,kroseburghjj@wordpress.org,Male,Electrical Engineer,Barbados
705,Cletis Lyste,clystejk@wordpress.com,Male,Senior Editor,Russia
706,Cariotta Boggis,cboggisjl@nasa.gov,Female,Account Executive,Ethiopia
707,Cory Bielfelt,cbielfeltjm@example.com,Male,Database Administrator IV,Portugal
708,Gayle Gieves,ggievesjn@mapy.cz,Genderqueer,Registered Nurse,Indonesia
709,Nealon Peake,npeakejo@ucla.edu,Male,Technical Writer,China
710,Norton Bidewel,nbideweljp@toplist.cz,Male,Design Engineer,Russia
711,Elsie Awcock,eawcockjq@about.me,Genderqueer,Programmer IV,South Africa
712,Tisha Windus,twindusjr@w3.org,Female,Teacher,Greece
713,Jeane Nussen,jnussenjs@bigcartel.com,Female,Assistant Professor,Indonesia
714,Delinda Boodle,dboodlejt@theglobeandmail.com,Female,Research Associate,Indonesia
715,Davy Tythe,dtytheju@discuz.net,Male,Statistician I,France
716,Stefano Bugbee,sbugbeejv@examiner.com,Male,General Manager,Indonesia
717,Lyndsay Stolworthy,lstolworthyjw@usatoday.com,Female,Senior Quality Engineer,Ivory Coast
718,Dorine Copson,dcopsonjx@altervista.org,Female,Payment Adjustment Coordinator,Indonesia
719,Ilario Leak,ileakjy@usda.gov,Male,Account Coordinator,Finland
720,Che Timbridge,ctimbridgejz@baidu.com,Male,Chief Design Engineer,Russia
721,Sayers Jessop,sjessopk0@sina.com.cn,Male,Food Chemist,Australia
722,Jeanne Neicho,jneichok1@usa.gov,Female,Automation Specialist III,Poland
723,Nisse Geale,ngealek2@tamu.edu,Female,Recruiting Manager,China
724,Julietta Wanne,jwannek3@bing.com,Female,Health Coach III,China
725,Reggie Driutti,rdriuttik4@wsj.com,Male,Human Resources Manager,China
726,Ilaire Tacon,itaconk5@sfgate.com,Male,Account Executive,China
727,Evin Picken,epickenk6@ning.com,Polygender,Desktop Support Technician,France
728,Celinda Risdale,crisdalek7@mail.ru,Female,Software Engineer I,Bolivia
729,Valeria Kuhndel,vkuhndelk8@yellowpages.com,Bigender,Senior Cost Accountant,China
730,Sarena Allsepp,sallseppk9@ask.com,Female,Health Coach I,Brazil
731,Esteban Ault,eaultka@twitter.com,Male,Research Assistant II,Russia
732,Ludvig Seiffert,lseiffertkb@cisco.com,Agender,Payment Adjustment Coordinator,Japan
733,Beatriz O'Mohun,bomohunkc@thetimes.co.uk,Female,Web Designer II,New Caledonia
734,Ollie Worsom,oworsomkd@wsj.com,Male,Electrical Engineer,Uganda
735,Agosto Bevington,abevingtonke@ucla.edu,Male,Programmer II,Belize
736,Mohandis Mountain,mmountainkf@webnode.com,Male,Paralegal,China
737,Emilia O'Cannon,eocannonkg@telegraph.co.uk,Female,Web Designer I,Argentina
738,Pennie Raraty,praratykh@aol.com,Male,Civil Engineer,China
739,Godfree Tonner,gtonnerki@storify.com,Male,Analyst Programmer,Philippines
740,Garrett Rout,groutkj@unblog.fr,Male,Web Developer III,Greece
741,Sigfried Labbett,slabbettkk@buzzfeed.com,Male,Account Coordinator,France
742,Bren Ardern,bardernkl@bloglovin.com,Male,Account Representative II,Portugal
743,Melesa Vaudrey,mvaudreykm@livejournal.com,Female,Safety Technician II,China
744,Pris Tagg,ptaggkn@unc.edu,Female,Cost Accountant,Russia
745,Marthe Rykert,mrykertko@drupal.org,Female,Research Associate,Indonesia
746,Rebe Keener,rkeenerkp@i2i.jp,Female,Software Consultant,Russia
747,Wheeler Warlton,wwarltonkq@archive.org,Male,Software Test Engineer III,Portugal
748,Sofie Woolfoot,swoolfootkr@moonfruit.com,Female,Environmental Specialist,Ukraine
749,Gibbie Carless,gcarlessks@clickbank.net,Male,GIS Technical Architect,Sweden
750,Bernardina Elliff,belliffkt@phoca.cz,Female,Account Representative II,Argentina
751,Durante Nott,dnottku@ocn.ne.jp,Male,Human Resources Manager,Portugal
752,Merle Franz-Schoninger,mfranzschoningerkv@google.co.uk,Bigender,Design Engineer,Cuba
753,Amanda Licciardi,alicciardikw@time.com,Female,Analog Circuit Design manager,China
754,Thibaut Bencher,tbencherkx@bloglines.com,Male,Analog Circuit Design manager,Czech Republic
755,Carlene Souttar,csouttarky@4shared.com,Female,Sales Representative,Serbia
756,Sumner Surman-Wells,ssurmanwellskz@bizjournals.com,Male,Accounting Assistant I,Portugal
757,Antonetta Salamon,asalamonl0@tripod.com,Female,Electrical Engineer,Russia
758,Felicio Shirer,fshirerl1@sitemeter.com,Male,Programmer IV,Cuba
759,Rudyard Swanborough,rswanboroughl2@mac.com,Male,Nuclear Power Engineer,Pakistan
760,Kettie Canepe,kcanepel3@harvard.edu,Female,Safety Technician IV,Norway
761,Yelena Childes,ychildesl4@reverbnation.com,Female,Professor,Hungary
762,Virgie Siemandl,vsiemandll5@simplemachines.org,Male,Tax Accountant,Czech Republic
763,Fidelio Polle,fpollel6@bigcartel.com,Male,Geologist I,Indonesia
764,Juieta Halladey,jhalladeyl7@dropbox.com,Female,Programmer Analyst III,Greece
765,Abagael Simison,asimisonl8@dailymail.co.uk,Female,Librarian,France
766,Donaugh Haggerston,dhaggerstonl9@spotify.com,Male,Senior Cost Accountant,China
767,Josy Goldthorp,jgoldthorpla@eventbrite.com,Genderqueer,Help Desk Technician,Poland
768,Jessee Foss,jfosslb@amazonaws.com,Male,Financial Advisor,Czech Republic
769,Cristi MattiCCI,cmatticcilc@youku.com,Female,Chemical Engineer,China
770,Maxy Natte,mnatteld@thetimes.co.uk,Male,Research Nurse,Philippines
771,Barnaby Dabell,bdabellle@marriott.com,Male,Information Systems Manager,France
772,Marius Cody,mcodylf@altervista.org,Genderqueer,VP Product Management,Canada
773,Herb Welbeck,hwelbecklg@symantec.com,Male,Quality Control Specialist,Brazil
774,Johnathan Tonks,jtonkslh@squarespace.com,Male,Geological Engineer,South Korea
775,Charla Kasting,ckastingli@naver.com,Female,Pharmacist,Indonesia
776,Lorie Kerfod,lkerfodlj@admin.ch,Female,Research Nurse,Finland
777,Woodie Georgelin,wgeorgelinlk@booking.com,Male,Professor,North Korea
778,Mead Gummary,mgummaryll@seesaa.net,Male,Chemical Engineer,China
779,Diane Gosford,dgosfordlm@elpais.com,Female,Human Resources Assistant IV,Philippines
780,Miriam Vasler,mvaslerln@apple.com,Female,Senior Editor,Uzbekistan
781,Duke Allmark,dallmarklo@xrea.com,Male,Data Coordinator,China
782,Theressa Helder,thelderlp@youtu.be,Female,Assistant Manager,Micronesia
783,Martie Claworth,mclaworthlq@seesaa.net,Male,Editor,Albania
784,Del Kapiloff,dkapilofflr@fastcompany.com,Male,Research Nurse,China
785,Chrysa Meenan,cmeenanls@gnu.org,Female,Administrative Officer,Colombia
786,Mercedes Dunstall,mdunstalllt@over-blog.com,Female,Data Coordinator,China
787,Florella Linkleter,flinkleterlu@seattletimes.com,Female,Accounting Assistant II,Tunisia
788,Alica Upward,aupwardlv@guardian.co.uk,Female,Recruiter,Cameroon
789,Jessamyn Cowling,jcowlinglw@macromedia.com,Female,Media Manager II,Angola
790,Bobbette Whaley,bwhaleylx@census.gov,Female,Occupational Therapist,Russia
791,Arch Perkins,aperkinsly@blog.com,Male,Compensation Analyst,Poland
792,Helge Westfield,hwestfieldlz@pagesperso-orange.fr,Female,Research Associate,Hungary
793,Cory Sealy,csealym0@hc360.com,Male,VP Product Management,China
794,Cherye McMorran,cmcmorranm1@unblog.fr,Female,Automation Specialist IV,Poland
795,Rosene Cronkshaw,rcronkshawm2@nbcnews.com,Female,Account Representative III,Indonesia
796,Evered Pennaman,epennamanm3@w3.org,Male,Librarian,Norway
797,Maud Syne,msynem4@google.ru,Female,Environmental Specialist,Indonesia
798,Francklin Boosey,fbooseym5@webeden.co.uk,Male,Environmental Tech,El Salvador
799,Consalve Wenger,cwengerm6@hhs.gov,Male,Graphic Designer,Indonesia
800,Coletta Calabry,ccalabrym7@pagesperso-orange.fr,Female,Payment Adjustment Coordinator,China
801,Leonardo Talloe,ltalloem8@cnbc.com,Male,Internal Auditor,China
802,Genna Fagge,gfaggem9@cnet.com,Female,Marketing Assistant,China
803,Ashlee Delgardillo,adelgardilloma@about.me,Female,Assistant Professor,Japan
804,Valaree Fivey,vfiveymb@microsoft.com,Female,Marketing Assistant,Senegal
805,Matti Kampshell,mkampshellmc@webnode.com,Female,Community Outreach Specialist,Cuba
806,Phineas Nice,pnicemd@flavors.me,Male,Engineer II,Poland
807,Nat Robrow,nrobrowme@ebay.co.uk,Male,Senior Editor,Indonesia
808,Olivero Dowry,odowrymf@theglobeandmail.com,Male,Junior Executive,Indonesia
809,Royce Satterfitt,rsatterfittmg@etsy.com,Male,Help Desk Operator,Argentina
810,Abraham Liccardo,aliccardomh@desdev.cn,Male,Assistant Professor,Bhutan
811,Caria Bank,cbankmi@infoseek.co.jp,Female,Marketing Manager,Japan
812,Lissie Van der Krui,lvanmj@auda.org.au,Female,Senior Developer,Poland
813,Ky Penhale,kpenhalemk@nationalgeographic.com,Male,Compensation Analyst,Tunisia
814,Sidney Foskin,sfoskinml@bandcamp.com,Male,Desktop Support Technician,China
815,Michale Gallaway,mgallawaymm@archive.org,Male,Developer I,Greece
816,Miriam Dahmel,mdahmelmn@purevolume.com,Female,Associate Professor,China
817,Ibby Riddall,iriddallmo@freewebs.com,Agender,Statistician IV,Philippines
818,Saxe Fulk,sfulkmp@drupal.org,Male,Biostatistician I,Canada
819,Care Tatlock,ctatlockmq@tinypic.com,Male,Junior Executive,Philippines
820,Christoffer Dettmar,cdettmarmr@uol.com.br,Male,Senior Cost Accountant,China
821,Alix Ragg,araggms@mlb.com,Male,Tax Accountant,Greece
822,Henka Habbal,hhabbalmt@livejournal.com,Female,Clinical Specialist,China
823,Larisa Bowick,lbowickmu@google.co.uk,Female,Compensation Analyst,Thailand
824,Wernher Bellefonte,wbellefontemv@com.com,Male,Senior Editor,Botswana
825,Car Emor,cemormw@godaddy.com,Genderfluid,Community Outreach Specialist,Colombia
826,Carolyne Kubczak,ckubczakmx@woothemes.com,Female,GIS Technical Architect,Poland
827,Jamie Magowan,jmagowanmy@ning.com,Male,Junior Executive,United States
828,Park Strettell,pstrettellmz@opera.com,Male,Senior Cost Accountant,Poland
829,Magdalene Kettleson,mkettlesonn0@japanpost.jp,Non-binary,Systems Administrator I,China
830,Aloysius Pinard,apinardn1@gravatar.com,Male,Assistant Manager,Thailand
831,Prentice Isakovic,pisakovicn2@people.com.cn,Male,Staff Scientist,Brazil
832,Nikoletta Benham,nbenhamn3@artisteer.com,Female,Operator,Israel
833,Esra Elderidge,eelderidgen4@wufoo.com,Male,Registered Nurse,China
834,Abbye Pittock,apittockn5@de.vu,Female,Programmer Analyst III,China
835,Gwynne Bruineman,gbruinemann6@who.int,Female,Tax Accountant,China
836,Cairistiona Heaseman,cheasemann7@odnoklassniki.ru,Female,Occupational Therapist,Paraguay
837,Vladimir Miles,vmilesn8@epa.gov,Male,Systems Administrator II,Philippines
838,Brant Prott,bprottn9@artisteer.com,Male,General Manager,China
839,Jimmie Hallet,jhalletna@ustream.tv,Male,Research Associate,Palestinian Territory
840,Miran Corsor,mcorsornb@yahoo.co.jp,Female,Software Test Engineer I,Afghanistan
841,Riccardo Agirre,ragirrenc@ehow.com,Male,Technical Writer,Brazil
842,Zenia Burnet,zburnetnd@gravatar.com,Female,VP Quality Control,China
843,Maurise Lascell,mlascellne@google.nl,Female,Physical Therapy Assistant,Russia
844,Jan Paolino,jpaolinonf@flavors.me,Female,Office Assistant III,Indonesia
845,Wayne Pero,wperong@google.cn,Male,Software Consultant,Nigeria
846,Conan Friary,cfriarynh@virginia.edu,Male,Assistant Media Planner,Brazil
847,Paquito Iacavone,piacavoneni@reverbnation.com,Male,Database Administrator I,Finland
848,Gabriello Crisford,gcrisfordnj@biblegateway.com,Male,Accountant IV,China
849,Pat Pate,ppatenk@washingtonpost.com,Male,Help Desk Operator,Canada
850,Craggy Parkin,cparkinnl@cbsnews.com,Male,VP Quality Control,Brazil
851,Davita Batisse,dbatissenm@mapquest.com,Female,Web Developer II,Mexico
852,Euphemia Densham,edenshamnn@360.cn,Female,Structural Analysis Engineer,China
853,Thebault Hailes,thailesno@icq.com,Male,Software Engineer III,China
854,Tybie Castille,tcastillenp@ebay.co.uk,Female,Automation Specialist III,Indonesia
855,Zelma Schach,zschachnq@a8.net,Female,Editor,China
856,Tedie Weigh,tweighnr@facebook.com,Male,Technical Writer,Pakistan
857,Alec Dugan,aduganns@java.com,Male,Registered Nurse,South Africa
858,Gisela Howat,ghowatnt@drupal.org,Genderfluid,Internal Auditor,Ethiopia
859,Domini Rennles,drennlesnu@redcross.org,Female,VP Product Management,Central African Republic
860,Elissa Lambin,elambinnv@lulu.com,Female,Analyst Programmer,Poland
861,Vasily Duff,vduffnw@fastcompany.com,Male,Data Coordinator,China
862,Chrissie Fereday,cferedaynx@google.ru,Non-binary,Computer Systems Analyst II,Philippines
863,Rora Oakes,roakesny@g.co,Female,Civil Engineer,China
864,Burty Sidden,bsiddennz@friendfeed.com,Male,Staff Scientist,China
865,Danyette Tampion,dtampiono0@vistaprint.com,Female,Programmer Analyst IV,Lithuania
866,Gabriellia Pinnell,gpinnello1@time.com,Female,Financial Advisor,Brazil
867,Esra Bowmaker,ebowmakero2@omniture.com,Polygender,Assistant Professor,Greece
868,Rora Laguerre,rlaguerreo3@google.pl,Female,Assistant Media Planner,Indonesia
869,Candice Larchier,clarchiero4@bravesites.com,Female,Electrical Engineer,Philippines
870,Hill Corkett,hcorketto5@freewebs.com,Male,Nuclear Power Engineer,Philippines
871,Andra Hollingdale,ahollingdaleo6@networksolutions.com,Female,VP Product Management,Sierra Leone
872,Ab Anfossi,aanfossio7@smugmug.com,Male,Analyst Programmer,Sweden
873,Eirena Pancoust,epancousto8@mediafire.com,Female,Computer Systems Analyst IV,China
874,Ferd Oneal,fonealo9@blinklist.com,Male,Professor,Philippines
875,Merwyn Van Eeden,mvanoa@mac.com,Male,Chemical Engineer,Philippines
876,Othella Kay,okayob@sbwire.com,Female,Human Resources Assistant II,Poland
877,Barbabra Brittan,bbrittanoc@cyberchimps.com,Female,General Manager,Norway
878,Florie Donet,fdonetod@redcross.org,Female,Electrical Engineer,Peru
879,Genny Copestake,gcopestakeoe@prlog.org,Female,Food Chemist,Serbia
880,Yetta Eads,yeadsof@answers.com,Female,Clinical Specialist,Russia
881,Saw Laherty,slahertyog@nba.com,Male,Financial Advisor,Thailand
882,Ninnette Conneau,nconneauoh@lulu.com,Female,Recruiting Manager,Portugal
883,Olivero Hulke,ohulkeoi@wordpress.org,Male,VP Accounting,Albania
884,Maighdiln Blowfelde,mblowfeldeoj@canalblog.com,Female,Director of Sales,Poland
885,Byron Harwood,bharwoodok@fastcompany.com,Male,Research Associate,Philippines
886,Bevin Louedey,blouedeyol@ning.com,Male,Teacher,New Zealand
887,Lorelle Whittek,lwhittekom@ycombinator.com,Bigender,Computer Systems Analyst IV,Reunion
888,Elisha Tudhope,etudhopeon@scribd.com,Female,Civil Engineer,Bolivia
889,Kelli Aysh,kayshoo@freewebs.com,Female,Nurse Practicioner,China
890,Beverly Ecles,beclesop@wikipedia.org,Female,GIS Technical Architect,Syria
891,Tuesday Momford,tmomfordoq@wufoo.com,Female,Financial Analyst,Japan
892,Chance Scarfe,cscarfeor@go.com,Male,Developer IV,Brazil
893,Donielle Fortun,dfortunos@vimeo.com,Non-binary,Cost Accountant,Brazil
894,Minni Corlett,mcorlettot@icio.us,Female,Research Associate,Sweden
895,Claudie Stodart,cstodartou@lulu.com,Female,Internal Auditor,Japan
896,Cassie Chater,cchaterov@nyu.edu,Genderfluid,Senior Developer,China
897,Leelah Eeles,leelesow@google.pl,Female,Cost Accountant,Indonesia
898,Lind Huburn,lhuburnox@wordpress.org,Male,Associate Professor,Poland
899,Norry Padgett,npadgettoy@intel.com,Female,Accountant III,China
900,Cairistiona Gristwood,cgristwoodoz@fda.gov,Female,Design Engineer,Czech Republic
901,Sigismundo Rider,sriderp0@trellian.com,Male,Information Systems Manager,China
902,Pietro Smyth,psmythp1@shareasale.com,Male,Associate Professor,Panama
903,Lyndsey Showalter,lshowalterp2@zdnet.com,Female,Administrative Assistant I,Indonesia
904,Chloe Ayliffe,cayliffep3@bandcamp.com,Female,Programmer I,Uganda
905,Jillie Frane,jfranep4@squarespace.com,Bigender,Web Designer I,Afghanistan
906,Debby Gavin,dgavinp5@unc.edu,Genderfluid,Help Desk Technician,Nigeria
907,Grantham Tardiff,gtardiffp6@tmall.com,Male,Registered Nurse,China
908,Valerie Perett,vperettp7@yale.edu,Female,Occupational Therapist,Uzbekistan
909,Siffre Reedman,sreedmanp8@discuz.net,Male,Desktop Support Technician,Russia
910,Ariel Bendare,abendarep9@ustream.tv,Female,Paralegal,Czech Republic
911,Si Skelhorn,sskelhornpa@hao123.com,Male,Assistant Media Planner,Afghanistan
912,Burk Schellig,bschelligpb@census.gov,Male,Systems Administrator I,Nigeria
913,Herrick Malicki,hmalickipc@google.com,Male,Computer Systems Analyst III,Indonesia
914,Codie Ismead,cismeadpd@washington.edu,Female,Actuary,Panama
915,Minnie Huitt,mhuittpe@nifty.com,Female,Media Manager II,Czech Republic
916,Laraine Fentem,lfentempf@amazonaws.com,Genderfluid,Director of Sales,Indonesia
917,Clarita Yablsley,cyablsleypg@economist.com,Female,Systems Administrator IV,Philippines
918,Juan Orchard,jorchardph@hubpages.com,Male,Administrative Assistant IV,Qatar
919,Hashim Betteridge,hbetteridgepi@prweb.com,Male,Database Administrator IV,Japan
920,Barde Bischop,bbischoppj@123-reg.co.uk,Male,Teacher,Pakistan
921,Scotti Cappel,scappelpk@cloudflare.com,Genderfluid,Staff Scientist,Slovenia
922,Maryann Prater,mpraterpl@dedecms.com,Female,Assistant Media Planner,Mexico
923,Cchaddie Falshaw,cfalshawpm@buzzfeed.com,Male,Senior Developer,China
924,Sanders Ollander,sollanderpn@sogou.com,Male,Account Executive,South Africa
925,Valenka Abrahamowitcz,vabrahamowitczpo@businesswire.com,Polygender,Senior Financial Analyst,Cameroon
926,Rube Twaite,rtwaitepp@flavors.me,Male,Programmer Analyst II,Nigeria
927,Euell Brampton,ebramptonpq@hubpages.com,Male,Teacher,Malaysia
928,Isidro Blissitt,iblissittpr@soundcloud.com,Male,Software Engineer IV,Indonesia
929,Sonja Bogie,sbogieps@wikia.com,Genderqueer,Actuary,Afghanistan
930,Peirce Feldmann,pfeldmannpt@reference.com,Male,Programmer IV,Philippines
931,Johnathan Rawlcliffe,jrawlcliffepu@bravesites.com,Male,Help Desk Operator,Indonesia
932,Goldi Reveley,greveleypv@hud.gov,Female,Account Representative IV,Indonesia
933,Crysta Okey,cokeypw@hugedomains.com,Non-binary,Nurse Practicioner,Thailand
934,Freida Gatecliff,fgatecliffpx@dailymotion.com,Polygender,Software Engineer III,Brazil
935,Clemmy Roswarn,croswarnpy@elpais.com,Male,Software Test Engineer II,Philippines
936,Finley Panchen,fpanchenpz@weibo.com,Male,VP Product Management,Venezuela
937,Michail Tape,mtapeq0@rambler.ru,Male,Sales Representative,New Zealand
938,Melantha McReedy,mmcreedyq1@odnoklassniki.ru,Agender,Nuclear Power Engineer,Canada
939,Mel Mitchel,mmitchelq2@sakura.ne.jp,Male,Programmer III,France
940,Lenna Vedenisov,lvedenisovq3@wikipedia.org,Female,Statistician III,Spain
941,Sile Lindemann,slindemannq4@taobao.com,Female,Quality Control Specialist,United States
942,Martha Coady,mcoadyq5@hao123.com,Female,Engineer III,Vietnam
943,Eleni Jinda,ejindaq6@arstechnica.com,Female,Tax Accountant,Venezuela
944,Morganne Walwood,mwalwoodq7@newyorker.com,Female,Junior Executive,China
945,Cirillo Haggleton,chaggletonq8@storify.com,Male,Project Manager,China
946,Euphemia Eaklee,eeakleeq9@is.gd,Female,Desktop Support Technician,Macedonia
947,Duffie Dilon,ddilonqa@ebay.co.uk,Male,VP Quality Control,United States
948,Royal Panton,rpantonqb@google.nl,Male,Nurse Practicioner,Portugal
949,Corena Adderley,cadderleyqc@msn.com,Female,GIS Technical Architect,Russia
950,Agustin Scoggans,ascoggansqd@unesco.org,Male,Geological Engineer,Philippines
951,Caz Blewitt,cblewittqe@aol.com,Male,Environmental Tech,China
952,Loydie Giffard,lgiffardqf@t-online.de,Male,Health Coach III,Afghanistan
953,Marice Renzo,mrenzoqg@umn.edu,Female,Executive Secretary,China
954,Felisha Paley,fpaleyqh@rambler.ru,Female,Chief Design Engineer,Indonesia
955,Carolina Roelofsen,croelofsenqi@ning.com,Female,Accountant III,Netherlands
956,Myrtie Walls,mwallsqj@wired.com,Female,Design Engineer,Kazakhstan
957,Melisandra Bramo,mbramoqk@cnet.com,Female,Librarian,Indonesia
958,Patty Strang,pstrangql@mail.ru,Female,Assistant Manager,Russia
959,Jamill Teece,jteeceqm@cbc.ca,Male,Operator,Moldova
960,Siouxie Warmington,swarmingtonqn@delicious.com,Female,Mechanical Systems Engineer,Russia
961,Clarette Gadsdon,cgadsdonqo@tuttocitta.it,Female,Administrative Officer,Russia
962,Stephana Kelk,skelkqp@pagesperso-orange.fr,Female,Geologist I,China
963,Fabe Stannard,fstannardqq@sogou.com,Male,Data Coordinator,United States
964,Nissa Storrie,nstorrieqr@scribd.com,Female,Environmental Tech,China
965,Aldus Bidwell,abidwellqs@chronoengine.com,Genderqueer,Nurse,Argentina
966,Ivie Tuffell,ituffellqt@jimdo.com,Female,Software Engineer III,China
967,Janaye Gorden,jgordenqu@blinklist.com,Female,Senior Editor,Denmark
968,Magdalena Rengger,mrenggerqv@hao123.com,Female,Senior Cost Accountant,Kenya
969,Baird Debney,bdebneyqw@wix.com,Genderfluid,Product Engineer,Canada
970,Loree Ferraro,lferraroqx@1und1.de,Female,Clinical Specialist,China
971,Blinni Franseco,bfransecoqy@reference.com,Female,Staff Accountant IV,Azerbaijan
972,Ben Inmett,binmettqz@alexa.com,Male,Office Assistant IV,Indonesia
973,Ronnie Seery,rseeryr0@twitpic.com,Genderqueer,Environmental Specialist,China
974,Noby Hedaux,nhedauxr1@state.tx.us,Male,Registered Nurse,New Zealand
975,Elva Kenney,ekenneyr2@netvibes.com,Female,Product Engineer,China
976,Fannie Wilce,fwilcer3@miitbeian.gov.cn,Female,Human Resources Manager,Costa Rica
977,Cathlene Dyet,cdyetr4@wunderground.com,Female,Structural Engineer,Hungary
978,Giulio Delea,gdelear5@typepad.com,Male,Software Engineer IV,China
979,Raffaello MacKinnon,rmackinnonr6@163.com,Male,Database Administrator I,Ireland
980,Aurthur de Juares,ader7@umn.edu,Male,Quality Engineer,Peru
981,Bill Giffen,bgiffenr8@newyorker.com,Female,Electrical Engineer,Canada
982,Cirilo Ritelli,critellir9@com.com,Male,Programmer III,France
983,Nolly Rea,nreara@meetup.com,Male,Information Systems Manager,China
984,Leoline Djekovic,ldjekovicrb@ifeng.com,Female,Software Engineer III,Portugal
985,Christen Whorton,cwhortonrc@baidu.com,Female,Budget/Accounting Analyst II,Brazil
986,Hendrick Matchett,hmatchettrd@domainmarket.com,Male,Teacher,Iran
987,Kaitlin Drinnan,kdrinnanre@pbs.org,Female,Electrical Engineer,Philippines
988,Margarethe Spurryer,mspurryerrf@tamu.edu,Female,Chief Design Engineer,Czech Republic
989,Zsa zsa McVey,zzsarg@tripod.com,Female,Office Assistant IV,China
990,Walsh Sponder,wsponderrh@slate.com,Male,Social Worker,France
991,Crin Molyneaux,cmolyneauxri@ehow.com,Bigender,Professor,Eritrea
992,Ferdinande Paish,fpaishrj@princeton.edu,Female,Analyst Programmer,Philippines
993,Anatollo Clinkard,aclinkardrk@msu.edu,Male,Associate Professor,Philippines
994,Wilone Rabson,wrabsonrl@facebook.com,Female,Cost Accountant,Democratic Republic of the Congo
995,Edvard Cornejo,ecornejorm@squarespace.com,Male,Senior Cost Accountant,Pakistan
996,Waverly Dilgarno,wdilgarnorn@ucoz.ru,Male,Junior Executive,China
997,Nicolai Roizn,nroiznro@bluehost.com,Male,Budget/Accounting Analyst III,France
998,Claudius Gelderd,cgelderdrp@hud.gov,Male,Assistant Manager,Saudi Arabia
999,Marcellus Nunes Nabarro,mnunesrq@t.co,Male,Health Coach III,Philippines
1000,Aloin Digle,adiglerr@oaic.gov.au,Male,Financial Advisor,Argentina
